# Blender 5.2.2 LTS
# www.blender.org
mtllib player.mtl
o Torso
v -0.896041 2.000000 0.448021
v -0.896041 2.103959 0.500000
v -1.000000 2.103959 0.448021
v -0.896041 2.030449 0.484776
v -0.956062 2.043938 0.478031
v -0.969551 2.103959 0.484776
v -0.969551 2.030449 0.448021
v -0.896041 3.896041 0.500000
v -0.896041 4.000000 0.448021
v -1.000000 3.896041 0.448021
v -0.896041 3.969551 0.484776
v -0.956062 3.956062 0.478031
v -0.969551 3.969551 0.448021
v -0.969551 3.896041 0.484776
v -0.896041 2.000000 -0.448021
v -1.000000 2.103959 -0.448021
v -0.896041 2.103959 -0.500000
v -0.969551 2.030449 -0.448021
v -0.956062 2.043938 -0.478031
v -0.969551 2.103959 -0.484776
v -0.896041 2.030449 -0.484776
v -0.896041 4.000000 -0.448021
v -0.896041 3.896041 -0.500000
v -1.000000 3.896041 -0.448021
v -0.896041 3.969551 -0.484776
v -0.956062 3.956062 -0.478031
v -0.969551 3.896041 -0.484776
v -0.969551 3.969551 -0.448021
v 0.896041 2.000000 0.448021
v 1.000000 2.103959 0.448021
v 0.896041 2.103959 0.500000
v 0.969551 2.030449 0.448021
v 0.956062 2.043938 0.478031
v 0.969551 2.103959 0.484776
v 0.896041 2.030449 0.484776
v 0.896041 4.000000 0.448021
v 0.896041 3.896041 0.500000
v 1.000000 3.896041 0.448021
v 0.896041 3.969551 0.484776
v 0.956062 3.956062 0.478031
v 0.969551 3.896041 0.484776
v 0.969551 3.969551 0.448021
v 0.896041 2.000000 -0.448021
v 0.896041 2.103959 -0.500000
v 1.000000 2.103959 -0.448021
v 0.896041 2.030449 -0.484776
v 0.956062 2.043938 -0.478031
v 0.969551 2.103959 -0.484776
v 0.969551 2.030449 -0.448021
v 0.896041 4.000000 -0.448021
v 1.000000 3.896041 -0.448021
v 0.896041 3.896041 -0.500000
v 0.969551 3.969551 -0.448021
v 0.956062 3.956062 -0.478031
v 0.969551 3.896041 -0.484776
v 0.896041 3.969551 -0.484776
vn -0.1735 -0.9343 0.3114
vn -0.0953 -0.0953 0.9909
vn -0.9343 -0.1735 0.3114
vn -0.1233 -0.5301 0.8389
vn -0.4503 -0.4503 0.7710
vn -0.5301 -0.1233 0.8389
vn -0.6749 -0.6749 0.2985
vn -0.0953 0.0953 0.9909
vn -0.1735 0.9343 0.3114
vn -0.9343 0.1735 0.3114
vn -0.1233 0.5301 0.8389
vn -0.4503 0.4503 0.7710
vn -0.6749 0.6749 0.2985
vn -0.5301 0.1233 0.8389
vn -0.1735 -0.9343 -0.3114
vn -0.9343 -0.1735 -0.3114
vn -0.0953 -0.0953 -0.9909
vn -0.6749 -0.6749 -0.2985
vn -0.4503 -0.4503 -0.7710
vn -0.5301 -0.1233 -0.8389
vn -0.1233 -0.5301 -0.8389
vn -0.1735 0.9343 -0.3114
vn -0.0953 0.0953 -0.9909
vn -0.9343 0.1735 -0.3114
vn -0.1233 0.5301 -0.8389
vn -0.4503 0.4503 -0.7710
vn -0.5301 0.1233 -0.8389
vn -0.6749 0.6749 -0.2985
vn 0.1735 -0.9343 0.3114
vn 0.9343 -0.1735 0.3114
vn 0.0953 -0.0953 0.9909
vn 0.6749 -0.6749 0.2985
vn 0.4503 -0.4503 0.7710
vn 0.5301 -0.1233 0.8389
vn 0.1233 -0.5301 0.8389
vn 0.1735 0.9343 0.3114
vn 0.0953 0.0953 0.9909
vn 0.9343 0.1735 0.3114
vn 0.1233 0.5301 0.8389
vn 0.4503 0.4503 0.7710
vn 0.5301 0.1233 0.8389
vn 0.6749 0.6749 0.2985
vn 0.1735 -0.9343 -0.3114
vn 0.0953 -0.0953 -0.9909
vn 0.9343 -0.1735 -0.3114
vn 0.1233 -0.5301 -0.8389
vn 0.4503 -0.4503 -0.7710
vn 0.5301 -0.1233 -0.8389
vn 0.6749 -0.6749 -0.2985
vn 0.1735 0.9343 -0.3114
vn 0.9343 0.1735 -0.3114
vn 0.0953 0.0953 -0.9909
vn 0.6749 0.6749 -0.2985
vn 0.4503 0.4503 -0.7710
vn 0.5301 0.1233 -0.8389
vn 0.1233 0.5301 -0.8389
vt 0.762934 0.923136
vt 0.768500 0.924513
vt 0.767115 0.931818
vt 0.762934 0.932695
vt 0.997590 0.572203
vt 0.988579 0.571841
vt 0.990292 0.564607
vt 0.997590 0.563184
vt 0.762934 0.945063
vt 0.762934 0.935504
vt 0.767115 0.936381
vt 0.768500 0.943686
vt 0.988579 0.575012
vt 0.997590 0.575374
vt 0.995876 0.582608
vt 0.988579 0.584031
vt 0.342421 0.953207
vt 0.342421 0.943649
vt 0.346602 0.944526
vt 0.347987 0.951830
vt 0.360501 0.943649
vt 0.366067 0.945026
vt 0.364682 0.952330
vt 0.360501 0.953207
vt 0.762934 0.957431
vt 0.762934 0.947872
vt 0.767115 0.948749
vt 0.768500 0.956054
vt 0.768500 0.883223
vt 0.762934 0.881846
vt 0.764319 0.874541
vt 0.768500 0.873664
vt 0.997590 0.598668
vt 0.997590 0.607686
vt 0.990293 0.606264
vt 0.988579 0.599029
vt 0.762934 0.886032
vt 0.768500 0.887409
vt 0.767115 0.894714
vt 0.762934 0.895591
vt 0.997590 0.636543
vt 0.988579 0.636182
vt 0.990292 0.628947
vt 0.997590 0.627525
vt 0.993354 0.800842
vt 0.993354 0.810401
vt 0.989173 0.809524
vt 0.987788 0.802219
vt 0.987788 0.822769
vt 0.987788 0.813210
vt 0.991969 0.814087
vt 0.993354 0.821392
vt 0.993354 0.835137
vt 0.987788 0.833760
vt 0.989173 0.826455
vt 0.993354 0.825578
vt 0.991284 0.995152
vt 0.982273 0.994790
vt 0.983987 0.987556
vt 0.991284 0.986133
vt 0.987788 0.837946
vt 0.993354 0.839323
vt 0.991969 0.846628
vt 0.987788 0.847505
vt 0.988579 0.639353
vt 0.997590 0.639714
vt 0.995876 0.646949
vt 0.988579 0.648371
vt 0.993354 0.850314
vt 0.993354 0.859873
vt 0.989173 0.858996
vt 0.987788 0.851691
vt 0.762934 0.898400
vt 0.768500 0.899777
vt 0.767115 0.907082
vt 0.762934 0.907959
vt 0.988579 0.619514
vt 0.988579 0.610496
vt 0.995876 0.611918
vt 0.997590 0.619153
vt 0.987788 0.872241
vt 0.987788 0.862682
vt 0.991969 0.863559
vt 0.993354 0.870863
vt 0.988579 0.560375
vt 0.988579 0.550816
vt 0.992760 0.551693
vt 0.994145 0.558998
vt 0.762934 0.910768
vt 0.768500 0.912145
vt 0.767115 0.919450
vt 0.762934 0.920327
vt 0.997590 0.595858
vt 0.988578 0.595497
vt 0.990292 0.588262
vt 0.997590 0.586840
vt 0.342275 0.655706
vt 0.342275 0.763352
vt 0.332716 0.763352
vt 0.332716 0.655706
vt 0.354643 0.655706
vt 0.354643 0.763352
vt 0.345084 0.763352
vt 0.345084 0.655706
vt 0.365390 0.437606
vt 0.365390 0.652897
vt 0.356372 0.652897
vt 0.356372 0.437606
vt 0.433072 0.437606
vt 0.433072 0.652897
vt 0.427338 0.652897
vt 0.427338 0.437606
vt 0.357452 0.763352
vt 0.357452 0.655706
vt 0.367011 0.655706
vt 0.367011 0.763352
vt 0.369820 0.763352
vt 0.369820 0.655706
vt 0.379379 0.655706
vt 0.379379 0.763352
vt 0.368199 0.652897
vt 0.368199 0.437606
vt 0.377218 0.437606
vt 0.377218 0.652897
vt 0.771726 0.216696
vt 0.771726 0.001405
vt 0.777460 0.001405
vt 0.777460 0.216696
vt 0.777460 0.219505
vt 0.777460 0.434796
vt 0.771726 0.434796
vt 0.771726 0.219505
vt 0.412701 0.437606
vt 0.412701 0.652897
vt 0.403683 0.652897
vt 0.403683 0.437606
vt 0.771726 0.652897
vt 0.771726 0.437606
vt 0.777460 0.437606
vt 0.777460 0.652897
vt 0.415511 0.652897
vt 0.415511 0.437606
vt 0.424529 0.437606
vt 0.424529 0.652897
vt 0.780269 0.652897
vt 0.780269 0.437606
vt 0.786003 0.437606
vt 0.786003 0.652897
vt 0.380027 0.652897
vt 0.380027 0.437606
vt 0.389046 0.437606
vt 0.389046 0.652897
vt 0.382188 0.763352
vt 0.382188 0.655706
vt 0.391747 0.655706
vt 0.391747 0.763352
vt 0.394556 0.763352
vt 0.394556 0.655706
vt 0.404115 0.655706
vt 0.404115 0.763352
vt 0.416483 0.655706
vt 0.416483 0.763352
vt 0.406924 0.763352
vt 0.406924 0.655706
vt 0.433072 0.655706
vt 0.433072 0.763352
vt 0.423514 0.763352
vt 0.423514 0.655706
vt 0.391855 0.652897
vt 0.391855 0.437606
vt 0.400874 0.437606
vt 0.400874 0.652897
vt 0.788813 0.216696
vt 0.788813 0.001405
vt 0.794547 0.001405
vt 0.794547 0.216696
vt 0.780269 0.216696
vt 0.780269 0.001405
vt 0.786003 0.001405
vt 0.786003 0.216696
vt 0.332716 0.652897
vt 0.332716 0.437606
vt 0.341735 0.437606
vt 0.341735 0.652897
vt 0.786003 0.219505
vt 0.786003 0.434796
vt 0.780269 0.434796
vt 0.780269 0.219505
vt 0.353562 0.437606
vt 0.353562 0.652897
vt 0.344544 0.652897
vt 0.344544 0.437606
vt 0.329960 0.216696
vt 0.329960 0.001405
vt 0.437606 0.001405
vt 0.437606 0.216696
vt 0.437606 0.219505
vt 0.437606 0.434796
vt 0.329960 0.434796
vt 0.329960 0.219505
vt 0.216696 0.219505
vt 0.216696 0.434796
vt 0.001405 0.434796
vt 0.001405 0.219505
vt 0.219505 0.216696
vt 0.219505 0.001405
vt 0.327151 0.001405
vt 0.327151 0.216696
vt 0.216696 0.216696
vt 0.001405 0.216696
vt 0.001405 0.001405
vt 0.216696 0.001405
vt 0.327151 0.219505
vt 0.327151 0.434796
vt 0.219505 0.434796
vt 0.219505 0.219505
s 1
f 1/1/1 4/2/4 5/3/5 7/4/7
f 2/5/2 6/6/6 5/7/5 4/8/4
f 3/9/3 7/10/7 5/11/5 6/12/6
f 8/13/8 11/14/11 12/15/12 14/16/14
f 9/17/9 13/18/13 12/19/12 11/20/11
f 10/21/10 14/22/14 12/23/12 13/24/13
f 15/25/15 18/26/18 19/27/19 21/28/21
f 16/29/16 20/30/20 19/31/19 18/32/18
f 17/33/17 21/34/21 19/35/19 20/36/20
f 22/37/22 25/38/25 26/39/26 28/40/28
f 23/41/23 27/42/27 26/43/26 25/44/25
f 24/45/24 28/46/28 26/47/26 27/48/27
f 29/49/29 32/50/32 33/51/33 35/52/35
f 30/53/30 34/54/34 33/55/33 32/56/32
f 31/57/31 35/58/35 33/59/33 34/60/34
f 36/61/36 39/62/39 40/63/40 42/64/42
f 37/65/37 41/66/41 40/67/40 39/68/39
f 38/69/38 42/70/42 40/71/40 41/72/41
f 43/73/43 46/74/46 47/75/47 49/76/49
f 44/77/44 48/78/48 47/79/47 46/80/46
f 45/81/45 49/82/49 47/83/47 48/84/48
f 50/85/50 53/86/53 54/87/54 56/88/56
f 51/89/51 55/90/55 54/91/54 53/92/53
f 52/93/52 56/94/56 54/95/54 55/96/55
f 15/97/15 1/98/1 7/99/7 18/100/18
f 18/101/18 7/102/7 3/103/3 16/104/16
f 2/105/2 8/106/8 14/107/14 6/108/6
f 6/109/6 14/110/14 10/111/10 3/112/3
f 9/113/9 22/114/22 28/115/28 13/116/13
f 13/117/13 28/118/28 24/119/24 10/120/10
f 23/121/23 17/122/17 20/123/20 27/124/27
f 27/125/27 20/126/20 16/127/16 24/128/24
f 43/129/43 15/130/15 21/131/21 46/132/46
f 46/133/46 21/134/21 17/135/17 44/136/44
f 22/137/22 50/138/50 56/139/56 25/140/25
f 25/141/25 56/142/56 52/143/52 23/144/23
f 51/145/51 45/146/45 48/147/48 55/148/55
f 55/149/55 48/150/48 44/151/44 52/152/52
f 29/153/29 43/154/43 49/155/49 32/156/32
f 32/157/32 49/158/49 45/159/45 30/160/30
f 50/161/50 36/162/36 42/163/42 53/164/53
f 53/165/53 42/166/42 38/167/38 51/168/51
f 37/169/37 31/170/31 34/171/34 41/172/41
f 41/173/41 34/174/34 30/175/30 38/176/38
f 1/177/1 29/178/29 35/179/35 4/180/4
f 4/181/4 35/182/35 31/183/31 2/184/2
f 36/185/36 9/186/9 11/187/11 39/188/39
f 39/189/39 11/190/11 8/191/8 37/192/37
f 15/193/15 43/194/43 29/195/29 1/196/1
f 3/197/3 10/198/10 24/199/24 16/200/16
f 31/201/31 37/202/37 8/203/8 2/204/2
f 50/205/50 22/206/22 9/207/9 36/208/36
f 17/209/17 23/210/23 52/211/52 44/212/44
f 45/213/45 51/214/51 38/215/38 30/216/30
o Right_Leg
v 0.948021 0.000000 0.448021
v 0.948021 0.103959 0.500000
v 1.000000 0.103959 0.448021
v 0.948021 0.030449 0.484776
v 0.978031 0.043938 0.478031
v 0.984776 0.103959 0.484776
v 0.984776 0.030449 0.448021
v 0.948021 1.896041 0.500000
v 0.948021 2.000000 0.448021
v 1.000000 1.896041 0.448021
v 0.948021 1.969551 0.484776
v 0.978031 1.956062 0.478031
v 0.984776 1.969551 0.448021
v 0.984776 1.896041 0.484776
v 0.948021 0.000000 -0.448021
v 1.000000 0.103959 -0.448021
v 0.948021 0.103959 -0.500000
v 0.984776 0.030449 -0.448021
v 0.978031 0.043938 -0.478031
v 0.984776 0.103959 -0.484776
v 0.948021 0.030449 -0.484776
v 0.948021 2.000000 -0.448021
v 0.948021 1.896041 -0.500000
v 1.000000 1.896041 -0.448021
v 0.948021 1.969551 -0.484776
v 0.978031 1.956062 -0.478031
v 0.984776 1.896041 -0.484776
v 0.984776 1.969551 -0.448021
v 0.051979 0.000000 0.448021
v 0.000000 0.103959 0.448021
v 0.051979 0.103959 0.500000
v 0.015224 0.030449 0.448021
v 0.021969 0.043938 0.478031
v 0.015224 0.103959 0.484776
v 0.051979 0.030449 0.484776
v 0.051979 2.000000 0.448021
v 0.051979 1.896041 0.500000
v 0.000000 1.896041 0.448021
v 0.051979 1.969551 0.484776
v 0.021969 1.956062 0.478031
v 0.015224 1.896041 0.484776
v 0.015224 1.969551 0.448021
v 0.051979 0.000000 -0.448021
v 0.051979 0.103959 -0.500000
v 0.000000 0.103959 -0.448021
v 0.051979 0.030449 -0.484776
v 0.021969 0.043938 -0.478031
v 0.015224 0.103959 -0.484776
v 0.015224 0.030449 -0.448021
v 0.051979 2.000000 -0.448021
v 0.000000 1.896041 -0.448021
v 0.051979 1.896041 -0.500000
v 0.015224 1.969551 -0.448021
v 0.021969 1.956062 -0.478031
v 0.015224 1.896041 -0.484776
v 0.051979 1.969551 -0.484776
vn 0.3001 -0.9055 0.3001
vn 0.1823 -0.0941 0.9787
vn 0.9787 -0.0941 0.1823
vn 0.2289 -0.5258 0.8192
vn 0.6591 -0.3622 0.6591
vn 0.7042 -0.0910 0.7042
vn 0.8192 -0.5258 0.2289
vn 0.1823 0.0941 0.9787
vn 0.3001 0.9055 0.3001
vn 0.9787 0.0941 0.1823
vn 0.2289 0.5258 0.8192
vn 0.6591 0.3622 0.6591
vn 0.8192 0.5258 0.2289
vn 0.7042 0.0910 0.7042
vn 0.3001 -0.9055 -0.3001
vn 0.9787 -0.0941 -0.1823
vn 0.1823 -0.0941 -0.9787
vn 0.8192 -0.5258 -0.2289
vn 0.6591 -0.3622 -0.6591
vn 0.7042 -0.0910 -0.7042
vn 0.2289 -0.5258 -0.8192
vn 0.3001 0.9055 -0.3001
vn 0.1823 0.0941 -0.9787
vn 0.9787 0.0941 -0.1823
vn 0.2289 0.5258 -0.8192
vn 0.6591 0.3622 -0.6591
vn 0.7042 0.0910 -0.7042
vn 0.8192 0.5258 -0.2289
vn -0.3001 -0.9055 0.3001
vn -0.9787 -0.0941 0.1823
vn -0.1823 -0.0941 0.9787
vn -0.8192 -0.5258 0.2289
vn -0.6591 -0.3622 0.6591
vn -0.7042 -0.0910 0.7042
vn -0.2289 -0.5258 0.8192
vn -0.3001 0.9055 0.3001
vn -0.1823 0.0941 0.9787
vn -0.9787 0.0941 0.1823
vn -0.2289 0.5258 0.8192
vn -0.6591 0.3622 0.6591
vn -0.7042 0.0910 0.7042
vn -0.8192 0.5258 0.2289
vn -0.3001 -0.9055 -0.3001
vn -0.1823 -0.0941 -0.9787
vn -0.9787 -0.0941 -0.1823
vn -0.2289 -0.5258 -0.8192
vn -0.6591 -0.3622 -0.6591
vn -0.7042 -0.0910 -0.7042
vn -0.8192 -0.5258 -0.2289
vn -0.3001 0.9055 -0.3001
vn -0.9787 0.0941 -0.1823
vn -0.1823 0.0941 -0.9787
vn -0.8192 0.5258 -0.2289
vn -0.6591 0.3622 -0.6591
vn -0.7042 0.0910 -0.7042
vn -0.2289 0.5258 -0.8192
vt 0.869444 0.990239
vt 0.868813 0.995937
vt 0.864779 0.995937
vt 0.863982 0.991982
vt 0.991756 0.322899
vt 0.992440 0.313908
vt 0.996097 0.315612
vt 0.996535 0.322899
vt 0.996092 0.920972
vt 0.991313 0.920972
vt 0.991752 0.913686
vt 0.995408 0.911981
vt 0.991314 0.923782
vt 0.996092 0.923782
vt 0.995654 0.931068
vt 0.991997 0.932773
vt 0.390145 0.996857
vt 0.390775 0.991159
vt 0.394809 0.991159
vt 0.395606 0.995113
vt 0.320252 0.963602
vt 0.319568 0.972593
vt 0.315912 0.970888
vt 0.315473 0.963602
vt 0.403877 0.991158
vt 0.403247 0.996857
vt 0.399212 0.996857
vt 0.398415 0.992902
vt 0.991756 0.417310
vt 0.992440 0.408319
vt 0.996097 0.410024
vt 0.996535 0.417310
vt 0.996092 0.944573
vt 0.991313 0.944573
vt 0.991752 0.937286
vt 0.995408 0.935582
vt 0.873792 0.995937
vt 0.874422 0.990239
vt 0.878456 0.990239
vt 0.879253 0.994194
vt 0.648656 0.966340
vt 0.647972 0.975331
vt 0.644316 0.973627
vt 0.643877 0.966340
vt 0.989534 0.135442
vt 0.994313 0.135442
vt 0.993874 0.142729
vt 0.990218 0.144434
vt 0.888293 0.990239
vt 0.887663 0.995937
vt 0.883629 0.995937
vt 0.882832 0.991982
vt 0.991756 0.334699
vt 0.992440 0.325708
vt 0.996097 0.327413
vt 0.996535 0.334699
vt 0.547687 0.894508
vt 0.542922 0.894145
vt 0.543912 0.886913
vt 0.547687 0.885491
vt 0.408225 0.996857
vt 0.408855 0.991159
vt 0.412889 0.991159
vt 0.413686 0.995113
vt 0.547687 0.932796
vt 0.547687 0.941813
vt 0.543912 0.940391
vt 0.542922 0.933158
vt 0.991314 0.947382
vt 0.996092 0.947382
vt 0.995654 0.954669
vt 0.991997 0.956373
vt 0.421957 0.991158
vt 0.421327 0.996857
vt 0.417293 0.996857
vt 0.416496 0.992902
vt 0.991756 0.429111
vt 0.992440 0.420120
vt 0.996097 0.421824
vt 0.996535 0.429111
vt 0.437319 0.897441
vt 0.432554 0.897079
vt 0.433543 0.889847
vt 0.437319 0.888424
vt 0.891872 0.995937
vt 0.892502 0.990239
vt 0.896536 0.990239
vt 0.897334 0.994194
vt 0.437319 0.935729
vt 0.437319 0.944746
vt 0.433543 0.943324
vt 0.432554 0.936092
vt 0.989534 0.147243
vt 0.994313 0.147243
vt 0.993874 0.154529
vt 0.990218 0.156234
vt 0.961663 0.766143
vt 0.967396 0.766143
vt 0.967396 0.873771
vt 0.961663 0.873771
vt 0.381105 0.766161
vt 0.390122 0.766161
vt 0.390122 0.873789
vt 0.381105 0.873789
vt 0.797356 0.001405
vt 0.802134 0.001405
vt 0.802134 0.216660
vt 0.797356 0.216660
vt 0.841928 0.219505
vt 0.846706 0.219505
vt 0.846706 0.434761
vt 0.841928 0.434761
vt 0.958854 0.873771
vt 0.953121 0.873771
vt 0.953121 0.766143
vt 0.958854 0.766143
vt 0.401948 0.873789
vt 0.392931 0.873789
vt 0.392931 0.766161
vt 0.401948 0.766161
vt 0.808767 0.434761
vt 0.803988 0.434761
vt 0.803988 0.219505
vt 0.808767 0.219505
vt 0.846706 0.652826
vt 0.841928 0.652826
vt 0.841928 0.437570
vt 0.846706 0.437570
vt 0.974597 0.548007
vt 0.968864 0.548007
vt 0.968864 0.440379
vt 0.974597 0.440379
vt 0.916775 0.548007
vt 0.907758 0.548007
vt 0.907758 0.440379
vt 0.916775 0.440379
vt 0.969819 0.001405
vt 0.975552 0.001405
vt 0.975552 0.109032
vt 0.969819 0.109032
vt 0.908713 0.001405
vt 0.917730 0.001405
vt 0.917730 0.109032
vt 0.908713 0.109032
vt 0.808767 0.652826
vt 0.803988 0.652826
vt 0.803988 0.437570
vt 0.808767 0.437570
vt 0.847662 0.216660
vt 0.842883 0.216660
vt 0.842883 0.001405
vt 0.847662 0.001405
vt 0.975939 0.763334
vt 0.970206 0.763334
vt 0.970206 0.655706
vt 0.975939 0.655706
vt 0.926659 0.763334
vt 0.917642 0.763334
vt 0.917642 0.655706
vt 0.926659 0.655706
vt 0.970206 0.766143
vt 0.975939 0.766143
vt 0.975939 0.873771
vt 0.970206 0.873771
vt 0.917642 0.766143
vt 0.926659 0.766143
vt 0.926659 0.873771
vt 0.917642 0.873771
vt 0.854294 0.434761
vt 0.849515 0.434761
vt 0.849515 0.219505
vt 0.854294 0.219505
vt 0.809722 0.216660
vt 0.804944 0.216660
vt 0.804944 0.001405
vt 0.809722 0.001405
vt 0.440415 0.873664
vt 0.446148 0.873664
vt 0.446148 0.981292
vt 0.440415 0.981292
vt 0.404757 0.766161
vt 0.413774 0.766161
vt 0.413774 0.873789
vt 0.404757 0.873789
vt 0.454690 0.981292
vt 0.448957 0.981292
vt 0.448957 0.873664
vt 0.454690 0.873664
vt 0.432531 0.873789
vt 0.423514 0.873789
vt 0.423514 0.766161
vt 0.432531 0.766161
vt 0.658480 0.766037
vt 0.658480 0.873664
vt 0.550852 0.873664
vt 0.550852 0.766037
vt 0.550852 0.219470
vt 0.658480 0.219470
vt 0.658480 0.434725
vt 0.550852 0.434725
vt 0.550852 0.437535
vt 0.658480 0.437535
vt 0.658480 0.652790
vt 0.550852 0.652790
vt 0.111842 0.873735
vt 0.111842 0.766107
vt 0.219470 0.766107
vt 0.219470 0.873735
vt 0.661289 0.001405
vt 0.768917 0.001405
vt 0.768917 0.216660
vt 0.661289 0.216660
vt 0.440415 0.219470
vt 0.548043 0.219470
vt 0.548043 0.434725
vt 0.440415 0.434725
s 1
f 57/217/57 63/218/63 61/219/61 60/220/60
f 58/221/58 60/222/60 61/223/61 62/224/62
f 59/225/59 62/226/62 61/227/61 63/228/63
f 64/229/64 70/230/70 68/231/68 67/232/67
f 65/233/65 67/234/67 68/235/68 69/236/69
f 66/237/66 69/238/69 68/239/68 70/240/70
f 71/241/71 77/242/77 75/243/75 74/244/74
f 72/245/72 74/246/74 75/247/75 76/248/76
f 73/249/73 76/250/76 75/251/75 77/252/77
f 78/253/78 84/254/84 82/255/82 81/256/81
f 79/257/79 81/258/81 82/259/82 83/260/83
f 80/261/80 83/262/83 82/263/82 84/264/84
f 85/265/85 91/266/91 89/267/89 88/268/88
f 86/269/86 88/270/88 89/271/89 90/272/90
f 87/273/87 90/274/90 89/275/89 91/276/91
f 92/277/92 98/278/98 96/279/96 95/280/95
f 93/281/93 95/282/95 96/283/96 97/284/97
f 94/285/94 97/286/97 96/287/96 98/288/98
f 99/289/99 105/290/105 103/291/103 102/292/102
f 100/293/100 102/294/102 103/295/103 104/296/104
f 101/297/101 104/298/104 103/299/103 105/300/105
f 106/301/106 112/302/112 110/303/110 109/304/109
f 107/305/107 109/306/109 110/307/110 111/308/111
f 108/309/108 111/310/111 110/311/110 112/312/112
f 71/313/71 74/314/74 63/315/63 57/316/57
f 74/317/74 72/318/72 59/319/59 63/320/63
f 58/321/58 62/322/62 70/323/70 64/324/64
f 62/325/62 59/326/59 66/327/66 70/328/70
f 65/329/65 69/330/69 84/331/84 78/332/78
f 69/333/69 66/334/66 80/335/80 84/336/84
f 79/337/79 83/338/83 76/339/76 73/340/73
f 83/341/83 80/342/80 72/343/72 76/344/76
f 99/345/99 102/346/102 77/347/77 71/348/71
f 102/349/102 100/350/100 73/351/73 77/352/77
f 78/353/78 81/354/81 112/355/112 106/356/106
f 81/357/81 79/358/79 108/359/108 112/360/112
f 107/361/107 111/362/111 104/363/104 101/364/101
f 111/365/111 108/366/108 100/367/100 104/368/104
f 85/369/85 88/370/88 105/371/105 99/372/99
f 88/373/88 86/374/86 101/375/101 105/376/105
f 106/377/106 109/378/109 98/379/98 92/380/92
f 109/381/109 107/382/107 94/383/94 98/384/98
f 93/385/93 97/386/97 90/387/90 87/388/87
f 97/389/97 94/390/94 86/391/86 90/392/90
f 57/393/57 60/394/60 91/395/91 85/396/85
f 60/397/60 58/398/58 87/399/87 91/400/91
f 92/401/92 95/402/95 67/403/67 65/404/65
f 95/405/95 93/406/93 64/407/64 67/408/67
f 71/409/71 57/410/57 85/411/85 99/412/99
f 59/413/59 72/414/72 80/415/80 66/416/66
f 87/417/87 58/418/58 64/419/64 93/420/93
f 106/421/106 92/422/92 65/423/65 78/424/78
f 73/425/73 100/426/100 108/427/108 79/428/79
f 101/429/101 86/430/86 94/431/94 107/432/107
o Left_Leg
v -0.051979 0.000000 0.448021
v -0.051979 0.103959 0.500000
v 0.000000 0.103959 0.448021
v -0.051979 0.030449 0.484776
v -0.021969 0.043938 0.478031
v -0.015224 0.103959 0.484776
v -0.015224 0.030449 0.448021
v -0.051979 1.896041 0.500000
v -0.051979 2.000000 0.448021
v 0.000000 1.896041 0.448021
v -0.051979 1.969551 0.484776
v -0.021969 1.956062 0.478031
v -0.015224 1.969551 0.448021
v -0.015224 1.896041 0.484776
v -0.051979 0.000000 -0.448021
v 0.000000 0.103959 -0.448021
v -0.051979 0.103959 -0.500000
v -0.015224 0.030449 -0.448021
v -0.021969 0.043938 -0.478031
v -0.015224 0.103959 -0.484776
v -0.051979 0.030449 -0.484776
v -0.051979 2.000000 -0.448021
v -0.051979 1.896041 -0.500000
v 0.000000 1.896041 -0.448021
v -0.051979 1.969551 -0.484776
v -0.021969 1.956062 -0.478031
v -0.015224 1.896041 -0.484776
v -0.015224 1.969551 -0.448021
v -0.948021 0.000000 0.448021
v -1.000000 0.103959 0.448021
v -0.948021 0.103959 0.500000
v -0.984776 0.030449 0.448021
v -0.978031 0.043938 0.478031
v -0.984776 0.103959 0.484776
v -0.948021 0.030449 0.484776
v -0.948021 2.000000 0.448021
v -0.948021 1.896041 0.500000
v -1.000000 1.896041 0.448021
v -0.948021 1.969551 0.484776
v -0.978031 1.956062 0.478031
v -0.984776 1.896041 0.484776
v -0.984776 1.969551 0.448021
v -0.948021 0.000000 -0.448021
v -0.948021 0.103959 -0.500000
v -1.000000 0.103959 -0.448021
v -0.948021 0.030449 -0.484776
v -0.978031 0.043938 -0.478031
v -0.984776 0.103959 -0.484776
v -0.984776 0.030449 -0.448021
v -0.948021 2.000000 -0.448021
v -1.000000 1.896041 -0.448021
v -0.948021 1.896041 -0.500000
v -0.984776 1.969551 -0.448021
v -0.978031 1.956062 -0.478031
v -0.984776 1.896041 -0.484776
v -0.948021 1.969551 -0.484776
vn 0.3001 -0.9055 0.3001
vn 0.1823 -0.0941 0.9787
vn 0.9787 -0.0941 0.1823
vn 0.2289 -0.5258 0.8192
vn 0.6591 -0.3622 0.6591
vn 0.7042 -0.0910 0.7042
vn 0.8192 -0.5258 0.2289
vn 0.1823 0.0941 0.9787
vn 0.3001 0.9055 0.3001
vn 0.9787 0.0941 0.1823
vn 0.2289 0.5258 0.8192
vn 0.6591 0.3622 0.6591
vn 0.8192 0.5258 0.2289
vn 0.7042 0.0910 0.7042
vn 0.3001 -0.9055 -0.3001
vn 0.9787 -0.0941 -0.1823
vn 0.1823 -0.0941 -0.9787
vn 0.8192 -0.5258 -0.2289
vn 0.6591 -0.3622 -0.6591
vn 0.7042 -0.0910 -0.7042
vn 0.2289 -0.5258 -0.8192
vn 0.3001 0.9055 -0.3001
vn 0.1823 0.0941 -0.9787
vn 0.9787 0.0941 -0.1823
vn 0.2289 0.5258 -0.8192
vn 0.6591 0.3622 -0.6591
vn 0.7042 0.0910 -0.7042
vn 0.8192 0.5258 -0.2289
vn -0.3001 -0.9055 0.3001
vn -0.9787 -0.0941 0.1823
vn -0.1823 -0.0941 0.9787
vn -0.8192 -0.5258 0.2289
vn -0.6591 -0.3622 0.6591
vn -0.7042 -0.0910 0.7042
vn -0.2289 -0.5258 0.8192
vn -0.3001 0.9055 0.3001
vn -0.1823 0.0941 0.9787
vn -0.9787 0.0941 0.1823
vn -0.2289 0.5258 0.8192
vn -0.6591 0.3622 0.6591
vn -0.7042 0.0910 0.7042
vn -0.8192 0.5258 0.2289
vn -0.3001 -0.9055 -0.3001
vn -0.1823 -0.0941 -0.9787
vn -0.9787 -0.0941 -0.1823
vn -0.2289 -0.5258 -0.8192
vn -0.6591 -0.3622 -0.6591
vn -0.7042 -0.0910 -0.7042
vn -0.8192 -0.5258 -0.2289
vn -0.3001 0.9055 -0.3001
vn -0.9787 0.0941 -0.1823
vn -0.1823 0.0941 -0.9787
vn -0.8192 0.5258 -0.2289
vn -0.6591 0.3622 -0.6591
vn -0.7042 0.0910 -0.7042
vn -0.2289 0.5258 -0.8192
vt 0.915414 0.990239
vt 0.914784 0.995937
vt 0.910749 0.995937
vt 0.909952 0.991982
vt 0.991757 0.346500
vt 0.992440 0.337509
vt 0.996097 0.339213
vt 0.996535 0.346500
vt 0.996092 0.968174
vt 0.991313 0.968174
vt 0.991752 0.960887
vt 0.995408 0.959183
vt 0.991314 0.970983
vt 0.996092 0.970983
vt 0.995654 0.978270
vt 0.991997 0.979974
vt 0.424766 0.996857
vt 0.425397 0.991159
vt 0.429431 0.991159
vt 0.430228 0.995113
vt 0.159424 0.966411
vt 0.158740 0.975402
vt 0.155083 0.973698
vt 0.154645 0.966411
vt 0.657865 0.991172
vt 0.657235 0.996870
vt 0.653201 0.996870
vt 0.652404 0.992915
vt 0.102187 0.997425
vt 0.102870 0.988433
vt 0.106527 0.990138
vt 0.106965 0.997425
vt 0.996535 0.228496
vt 0.991756 0.228496
vt 0.992195 0.221209
vt 0.995851 0.219505
vt 0.901682 0.995937
vt 0.902312 0.990239
vt 0.906346 0.990239
vt 0.907143 0.994194
vt 0.176052 0.966411
vt 0.175368 0.975402
vt 0.171711 0.973698
vt 0.171273 0.966411
vt 0.989534 0.160605
vt 0.994313 0.160605
vt 0.993874 0.167891
vt 0.990218 0.169596
vt 0.942534 0.990866
vt 0.941904 0.996564
vt 0.937870 0.996564
vt 0.937073 0.992609
vt 0.991756 0.358300
vt 0.992440 0.349309
vt 0.996097 0.351013
vt 0.996535 0.358300
vt 0.547687 0.906334
vt 0.542922 0.905972
vt 0.543912 0.898739
vt 0.547687 0.897317
vt 0.212624 0.996941
vt 0.213254 0.991243
vt 0.217288 0.991243
vt 0.218085 0.995197
vt 0.547687 0.944622
vt 0.547687 0.953639
vt 0.543912 0.952217
vt 0.542922 0.944984
vt 0.991756 0.231305
vt 0.996535 0.231305
vt 0.996097 0.238592
vt 0.992440 0.240296
vt 0.760638 0.992826
vt 0.760008 0.998524
vt 0.755974 0.998524
vt 0.755177 0.994569
vt 0.323061 0.997425
vt 0.323745 0.988433
vt 0.327401 0.990138
vt 0.327840 0.997425
vt 0.437319 0.909268
vt 0.432554 0.908905
vt 0.433543 0.901673
vt 0.437319 0.900251
vt 0.946113 0.996564
vt 0.946743 0.990866
vt 0.950777 0.990866
vt 0.951574 0.994821
vt 0.437319 0.947556
vt 0.437319 0.956573
vt 0.433543 0.955150
vt 0.432554 0.947918
vt 0.989534 0.175338
vt 0.994313 0.175338
vt 0.993874 0.182625
vt 0.990218 0.184329
vt 0.457499 0.873664
vt 0.463232 0.873664
vt 0.463232 0.981292
vt 0.457499 0.981292
vt 0.872279 0.440379
vt 0.881296 0.440379
vt 0.881296 0.548007
vt 0.872279 0.548007
vt 0.811576 0.219505
vt 0.816355 0.219505
vt 0.816355 0.434761
vt 0.811576 0.434761
vt 0.849515 0.437570
vt 0.854294 0.437570
vt 0.854294 0.652826
vt 0.849515 0.652826
vt 0.471775 0.981292
vt 0.466042 0.981292
vt 0.466042 0.873664
vt 0.471775 0.873664
vt 0.882252 0.109032
vt 0.873235 0.109032
vt 0.873235 0.001405
vt 0.882252 0.001405
vt 0.816355 0.652826
vt 0.811576 0.652826
vt 0.811576 0.437570
vt 0.816355 0.437570
vt 0.855249 0.216660
vt 0.850471 0.216660
vt 0.850471 0.001405
vt 0.855249 0.001405
vt 0.480317 0.981292
vt 0.474584 0.981292
vt 0.474584 0.873664
vt 0.480317 0.873664
vt 0.928601 0.548007
vt 0.919584 0.548007
vt 0.919584 0.440379
vt 0.928601 0.440379
vt 0.483126 0.873664
vt 0.488859 0.873664
vt 0.488859 0.981292
vt 0.483126 0.981292
vt 0.920540 0.001405
vt 0.929557 0.001405
vt 0.929557 0.109032
vt 0.920540 0.109032
vt 0.817310 0.216660
vt 0.812532 0.216660
vt 0.812532 0.001405
vt 0.817310 0.001405
vt 0.861882 0.434761
vt 0.857103 0.434761
vt 0.857103 0.219505
vt 0.861882 0.219505
vt 0.497401 0.981292
vt 0.491668 0.981292
vt 0.491668 0.873664
vt 0.497401 0.873664
vt 0.938486 0.763334
vt 0.929469 0.763334
vt 0.929469 0.655706
vt 0.938486 0.655706
vt 0.500211 0.873664
vt 0.505944 0.873664
vt 0.505944 0.981292
vt 0.500211 0.981292
vt 0.929469 0.766143
vt 0.938486 0.766143
vt 0.938486 0.873771
vt 0.929469 0.873771
vt 0.861882 0.652826
vt 0.857103 0.652826
vt 0.857103 0.437570
vt 0.861882 0.437570
vt 0.823943 0.434761
vt 0.819164 0.434761
vt 0.819164 0.219505
vt 0.823943 0.219505
vt 0.508753 0.873664
vt 0.514486 0.873664
vt 0.514486 0.981292
vt 0.508753 0.981292
vt 0.882163 0.655706
vt 0.891180 0.655706
vt 0.891180 0.763334
vt 0.882163 0.763334
vt 0.523028 0.981292
vt 0.517295 0.981292
vt 0.517295 0.873664
vt 0.523028 0.873664
vt 0.891180 0.873771
vt 0.882163 0.873771
vt 0.882163 0.766143
vt 0.891180 0.766143
vt 0.879354 0.655706
vt 0.879354 0.763334
vt 0.771726 0.763334
vt 0.771726 0.655706
vt 0.661289 0.219470
vt 0.768917 0.219470
vt 0.768917 0.434725
vt 0.661289 0.434725
vt 0.661289 0.437535
vt 0.768917 0.437535
vt 0.768917 0.652790
vt 0.661289 0.652790
vt 0.771726 0.873771
vt 0.771726 0.766143
vt 0.879354 0.766143
vt 0.879354 0.873771
vt 0.440415 0.655599
vt 0.548043 0.655599
vt 0.548043 0.870855
vt 0.440415 0.870855
vt 0.440415 0.437535
vt 0.548043 0.437535
vt 0.548043 0.652790
vt 0.440415 0.652790
s 1
f 113/433/113 119/434/119 117/435/117 116/436/116
f 114/437/114 116/438/116 117/439/117 118/440/118
f 115/441/115 118/442/118 117/443/117 119/444/119
f 120/445/120 126/446/126 124/447/124 123/448/123
f 121/449/121 123/450/123 124/451/124 125/452/125
f 122/453/122 125/454/125 124/455/124 126/456/126
f 127/457/127 133/458/133 131/459/131 130/460/130
f 128/461/128 130/462/130 131/463/131 132/464/132
f 129/465/129 132/466/132 131/467/131 133/468/133
f 134/469/134 140/470/140 138/471/138 137/472/137
f 135/473/135 137/474/137 138/475/138 139/476/139
f 136/477/136 139/478/139 138/479/138 140/480/140
f 141/481/141 147/482/147 145/483/145 144/484/144
f 142/485/142 144/486/144 145/487/145 146/488/146
f 143/489/143 146/490/146 145/491/145 147/492/147
f 148/493/148 154/494/154 152/495/152 151/496/151
f 149/497/149 151/498/151 152/499/152 153/500/153
f 150/501/150 153/502/153 152/503/152 154/504/154
f 155/505/155 161/506/161 159/507/159 158/508/158
f 156/509/156 158/510/158 159/511/159 160/512/160
f 157/513/157 160/514/160 159/515/159 161/516/161
f 162/517/162 168/518/168 166/519/166 165/520/165
f 163/521/163 165/522/165 166/523/166 167/524/167
f 164/525/164 167/526/167 166/527/166 168/528/168
f 127/529/127 130/530/130 119/531/119 113/532/113
f 130/533/130 128/534/128 115/535/115 119/536/119
f 114/537/114 118/538/118 126/539/126 120/540/120
f 118/541/118 115/542/115 122/543/122 126/544/126
f 121/545/121 125/546/125 140/547/140 134/548/134
f 125/549/125 122/550/122 136/551/136 140/552/140
f 135/553/135 139/554/139 132/555/132 129/556/129
f 139/557/139 136/558/136 128/559/128 132/560/132
f 155/561/155 158/562/158 133/563/133 127/564/127
f 158/565/158 156/566/156 129/567/129 133/568/133
f 134/569/134 137/570/137 168/571/168 162/572/162
f 137/573/137 135/574/135 164/575/164 168/576/168
f 163/577/163 167/578/167 160/579/160 157/580/157
f 167/581/167 164/582/164 156/583/156 160/584/160
f 141/585/141 144/586/144 161/587/161 155/588/155
f 144/589/144 142/590/142 157/591/157 161/592/161
f 162/593/162 165/594/165 154/595/154 148/596/148
f 165/597/165 163/598/163 150/599/150 154/600/154
f 149/601/149 153/602/153 146/603/146 143/604/143
f 153/605/153 150/606/150 142/607/142 146/608/146
f 113/609/113 116/610/116 147/611/147 141/612/141
f 116/613/116 114/614/114 143/615/143 147/616/147
f 148/617/148 151/618/151 123/619/123 121/620/121
f 151/621/151 149/622/149 120/623/120 123/624/123
f 127/625/127 113/626/113 141/627/141 155/628/155
f 115/629/115 128/630/128 136/631/136 122/632/122
f 143/633/143 114/634/114 120/635/120 149/636/149
f 162/637/162 148/638/148 121/639/121 134/640/134
f 129/641/129 156/642/156 164/643/164 135/644/135
f 157/645/157 142/646/142 150/647/150 163/648/163
o Right_Arm
v 1.948021 2.000000 0.448021
v 1.948021 2.103959 0.500000
v 2.000000 2.103959 0.448021
v 1.948021 2.030449 0.484776
v 1.978031 2.043938 0.478031
v 1.984776 2.103959 0.484776
v 1.984776 2.030449 0.448021
v 1.948021 3.896041 0.500000
v 1.948021 4.000000 0.448021
v 2.000000 3.896041 0.448021
v 1.948021 3.969551 0.484776
v 1.978031 3.956062 0.478031
v 1.984776 3.969551 0.448021
v 1.984776 3.896041 0.484776
v 1.948021 2.000000 -0.448021
v 2.000000 2.103959 -0.448021
v 1.948021 2.103959 -0.500000
v 1.984776 2.030449 -0.448021
v 1.978031 2.043938 -0.478031
v 1.984776 2.103959 -0.484776
v 1.948021 2.030449 -0.484776
v 1.948021 4.000000 -0.448021
v 1.948021 3.896041 -0.500000
v 2.000000 3.896041 -0.448021
v 1.948021 3.969551 -0.484776
v 1.978031 3.956062 -0.478031
v 1.984776 3.896041 -0.484776
v 1.984776 3.969551 -0.448021
v 1.051979 2.000000 0.448021
v 1.000000 2.103959 0.448021
v 1.051979 2.103959 0.500000
v 1.015224 2.030449 0.448021
v 1.021969 2.043938 0.478031
v 1.015224 2.103959 0.484776
v 1.051979 2.030449 0.484776
v 1.051979 4.000000 0.448021
v 1.051979 3.896041 0.500000
v 1.000000 3.896041 0.448021
v 1.051979 3.969551 0.484776
v 1.021969 3.956062 0.478031
v 1.015224 3.896041 0.484776
v 1.015224 3.969551 0.448021
v 1.051979 2.000000 -0.448021
v 1.051979 2.103959 -0.500000
v 1.000000 2.103959 -0.448021
v 1.051979 2.030449 -0.484776
v 1.021969 2.043938 -0.478031
v 1.015224 2.103959 -0.484776
v 1.015224 2.030449 -0.448021
v 1.051979 4.000000 -0.448021
v 1.000000 3.896041 -0.448021
v 1.051979 3.896041 -0.500000
v 1.015224 3.969551 -0.448021
v 1.021969 3.956062 -0.478031
v 1.015224 3.896041 -0.484776
v 1.051979 3.969551 -0.484776
vn 0.3001 -0.9055 0.3001
vn 0.1823 -0.0941 0.9787
vn 0.9787 -0.0941 0.1823
vn 0.2289 -0.5258 0.8192
vn 0.6591 -0.3622 0.6591
vn 0.7042 -0.0910 0.7042
vn 0.8192 -0.5258 0.2289
vn 0.1823 0.0941 0.9787
vn 0.3001 0.9055 0.3001
vn 0.9787 0.0941 0.1823
vn 0.2289 0.5258 0.8192
vn 0.6591 0.3622 0.6591
vn 0.8192 0.5258 0.2289
vn 0.7042 0.0910 0.7042
vn 0.3001 -0.9055 -0.3001
vn 0.9787 -0.0941 -0.1823
vn 0.1823 -0.0941 -0.9787
vn 0.8192 -0.5258 -0.2289
vn 0.6591 -0.3622 -0.6591
vn 0.7042 -0.0910 -0.7042
vn 0.2289 -0.5258 -0.8192
vn 0.3001 0.9055 -0.3001
vn 0.1823 0.0941 -0.9787
vn 0.9787 0.0941 -0.1823
vn 0.2289 0.5258 -0.8192
vn 0.6591 0.3622 -0.6591
vn 0.7042 0.0910 -0.7042
vn 0.8192 0.5258 -0.2289
vn -0.3001 -0.9055 0.3001
vn -0.9787 -0.0941 0.1823
vn -0.1823 -0.0941 0.9787
vn -0.8192 -0.5258 0.2289
vn -0.6591 -0.3622 0.6591
vn -0.7042 -0.0910 0.7042
vn -0.2289 -0.5258 0.8192
vn -0.3001 0.9055 0.3001
vn -0.1823 0.0941 0.9787
vn -0.9787 0.0941 0.1823
vn -0.2289 0.5258 0.8192
vn -0.6591 0.3622 0.6591
vn -0.7042 0.0910 0.7042
vn -0.8192 0.5258 0.2289
vn -0.3001 -0.9055 -0.3001
vn -0.1823 -0.0941 -0.9787
vn -0.9787 -0.0941 -0.1823
vn -0.2289 -0.5258 -0.8192
vn -0.6591 -0.3622 -0.6591
vn -0.7042 -0.0910 -0.7042
vn -0.8192 -0.5258 -0.2289
vn -0.3001 0.9055 -0.3001
vn -0.9787 0.0941 -0.1823
vn -0.1823 0.0941 -0.9787
vn -0.8192 0.5258 -0.2289
vn -0.6591 0.3622 -0.6591
vn -0.7042 0.0910 -0.7042
vn -0.2289 0.5258 -0.8192
vt 0.347218 0.990891
vt 0.346587 0.996589
vt 0.342553 0.996589
vt 0.341756 0.992634
vt 0.991756 0.370100
vt 0.992440 0.361109
vt 0.996097 0.362814
vt 0.996535 0.370100
vt 0.996535 0.252097
vt 0.991756 0.252097
vt 0.992195 0.244810
vt 0.995851 0.243106
vt 0.991756 0.254906
vt 0.996535 0.254906
vt 0.996097 0.262193
vt 0.992440 0.263897
vt 0.763448 0.998524
vt 0.764078 0.992826
vt 0.768112 0.992826
vt 0.768909 0.996781
vt 0.547701 0.968275
vt 0.547017 0.977266
vt 0.543361 0.975561
vt 0.542922 0.968275
vt 0.006866 0.992897
vt 0.006236 0.998595
vt 0.002202 0.998595
vt 0.001405 0.994640
vt 0.955153 0.998235
vt 0.955837 0.989244
vt 0.959493 0.990949
vt 0.959932 0.998235
vt 0.996535 0.275698
vt 0.991756 0.275698
vt 0.992195 0.268411
vt 0.995851 0.266706
vt 0.333485 0.996589
vt 0.334116 0.990891
vt 0.338150 0.990891
vt 0.338947 0.994845
vt 0.437332 0.964625
vt 0.436649 0.973616
vt 0.432992 0.971912
vt 0.432554 0.964625
vt 0.989534 0.187138
vt 0.994313 0.187138
vt 0.993874 0.194425
vt 0.990218 0.196129
vt 0.355488 0.990891
vt 0.354858 0.996589
vt 0.350824 0.996589
vt 0.350027 0.992634
vt 0.991756 0.381901
vt 0.992440 0.372910
vt 0.996097 0.374614
vt 0.996535 0.381901
vt 0.547687 0.918160
vt 0.542922 0.917798
vt 0.543912 0.910565
vt 0.547687 0.909143
vt 0.009675 0.998595
vt 0.010306 0.992897
vt 0.014340 0.992897
vt 0.015137 0.996852
vt 0.958405 0.639996
vt 0.958405 0.649013
vt 0.954630 0.647590
vt 0.953640 0.640358
vt 0.991756 0.278507
vt 0.996535 0.278507
vt 0.996097 0.285793
vt 0.992440 0.287498
vt 0.023407 0.992897
vt 0.022777 0.998595
vt 0.018743 0.998595
vt 0.017946 0.994640
vt 0.964193 0.998235
vt 0.964877 0.989244
vt 0.968533 0.990949
vt 0.968972 0.998235
vt 0.437319 0.921094
vt 0.432554 0.920732
vt 0.433543 0.913499
vt 0.437319 0.912077
vt 0.368876 0.996589
vt 0.369507 0.990891
vt 0.373541 0.990891
vt 0.374338 0.994845
vt 0.547687 0.956448
vt 0.547687 0.965465
vt 0.543912 0.964043
vt 0.542922 0.956811
vt 0.974686 0.986203
vt 0.979464 0.986203
vt 0.979026 0.993489
vt 0.975369 0.995194
vt 0.525838 0.873664
vt 0.531571 0.873664
vt 0.531571 0.981292
vt 0.525838 0.981292
vt 0.884105 0.440379
vt 0.893122 0.440379
vt 0.893122 0.548007
vt 0.884105 0.548007
vt 0.819164 0.437570
vt 0.823943 0.437570
vt 0.823943 0.652826
vt 0.819164 0.652826
vt 0.858059 0.001405
vt 0.862837 0.001405
vt 0.862837 0.216660
vt 0.858059 0.216660
vt 0.540113 0.981292
vt 0.534380 0.981292
vt 0.534380 0.873664
vt 0.540113 0.873664
vt 0.894078 0.109032
vt 0.885061 0.109032
vt 0.885061 0.001405
vt 0.894078 0.001405
vt 0.824898 0.216660
vt 0.820120 0.216660
vt 0.820120 0.001405
vt 0.824898 0.001405
vt 0.869470 0.434761
vt 0.864691 0.434761
vt 0.864691 0.219505
vt 0.869470 0.219505
vt 0.667022 0.981292
vt 0.661289 0.981292
vt 0.661289 0.873664
vt 0.667022 0.873664
vt 0.940428 0.548007
vt 0.931411 0.548007
vt 0.931411 0.440379
vt 0.940428 0.440379
vt 0.669831 0.873664
vt 0.675564 0.873664
vt 0.675564 0.981292
vt 0.669831 0.981292
vt 0.932366 0.001405
vt 0.941383 0.001405
vt 0.941383 0.109032
vt 0.932366 0.109032
vt 0.831531 0.434761
vt 0.826752 0.434761
vt 0.826752 0.219505
vt 0.831531 0.219505
vt 0.869470 0.652826
vt 0.864691 0.652826
vt 0.864691 0.437570
vt 0.869470 0.437570
vt 0.684107 0.981292
vt 0.678374 0.981292
vt 0.678374 0.873664
vt 0.684107 0.873664
vt 0.950312 0.763334
vt 0.941295 0.763334
vt 0.941295 0.655706
vt 0.950312 0.655706
vt 0.686916 0.873664
vt 0.692649 0.873664
vt 0.692649 0.981292
vt 0.686916 0.981292
vt 0.941295 0.766143
vt 0.950312 0.766143
vt 0.950312 0.873771
vt 0.941295 0.873771
vt 0.870425 0.216660
vt 0.865647 0.216660
vt 0.865647 0.001405
vt 0.870425 0.001405
vt 0.831531 0.652826
vt 0.826752 0.652826
vt 0.826752 0.437570
vt 0.831531 0.437570
vt 0.695458 0.873664
vt 0.701191 0.873664
vt 0.701191 0.981292
vt 0.695458 0.981292
vt 0.893990 0.655706
vt 0.903007 0.655706
vt 0.903007 0.763334
vt 0.893990 0.763334
vt 0.709733 0.981292
vt 0.704001 0.981292
vt 0.704000 0.873664
vt 0.709733 0.873664
vt 0.903007 0.873771
vt 0.893990 0.873771
vt 0.893990 0.766143
vt 0.903007 0.766143
vt 0.979907 0.219505
vt 0.979907 0.327133
vt 0.872279 0.327133
vt 0.872279 0.219505
vt 0.661289 0.655599
vt 0.768917 0.655599
vt 0.768917 0.870855
vt 0.661289 0.870855
vt 0.001405 0.655671
vt 0.109032 0.655671
vt 0.109032 0.870926
vt 0.001405 0.870926
vt 0.872279 0.437570
vt 0.872279 0.329942
vt 0.979907 0.329942
vt 0.979907 0.437570
vt 0.222279 0.655670
vt 0.329907 0.655670
vt 0.329907 0.870926
vt 0.222279 0.870926
vt 0.001405 0.437606
vt 0.109032 0.437606
vt 0.109032 0.652861
vt 0.001405 0.652861
s 1
f 169/649/169 175/650/175 173/651/173 172/652/172
f 170/653/170 172/654/172 173/655/173 174/656/174
f 171/657/171 174/658/174 173/659/173 175/660/175
f 176/661/176 182/662/182 180/663/180 179/664/179
f 177/665/177 179/666/179 180/667/180 181/668/181
f 178/669/178 181/670/181 180/671/180 182/672/182
f 183/673/183 189/674/189 187/675/187 186/676/186
f 184/677/184 186/678/186 187/679/187 188/680/188
f 185/681/185 188/682/188 187/683/187 189/684/189
f 190/685/190 196/686/196 194/687/194 193/688/193
f 191/689/191 193/690/193 194/691/194 195/692/195
f 192/693/192 195/694/195 194/695/194 196/696/196
f 197/697/197 203/698/203 201/699/201 200/700/200
f 198/701/198 200/702/200 201/703/201 202/704/202
f 199/705/199 202/706/202 201/707/201 203/708/203
f 204/709/204 210/710/210 208/711/208 207/712/207
f 205/713/205 207/714/207 208/715/208 209/716/209
f 206/717/206 209/718/209 208/719/208 210/720/210
f 211/721/211 217/722/217 215/723/215 214/724/214
f 212/725/212 214/726/214 215/727/215 216/728/216
f 213/729/213 216/730/216 215/731/215 217/732/217
f 218/733/218 224/734/224 222/735/222 221/736/221
f 219/737/219 221/738/221 222/739/222 223/740/223
f 220/741/220 223/742/223 222/743/222 224/744/224
f 183/745/183 186/746/186 175/747/175 169/748/169
f 186/749/186 184/750/184 171/751/171 175/752/175
f 170/753/170 174/754/174 182/755/182 176/756/176
f 174/757/174 171/758/171 178/759/178 182/760/182
f 177/761/177 181/762/181 196/763/196 190/764/190
f 181/765/181 178/766/178 192/767/192 196/768/196
f 191/769/191 195/770/195 188/771/188 185/772/185
f 195/773/195 192/774/192 184/775/184 188/776/188
f 211/777/211 214/778/214 189/779/189 183/780/183
f 214/781/214 212/782/212 185/783/185 189/784/189
f 190/785/190 193/786/193 224/787/224 218/788/218
f 193/789/193 191/790/191 220/791/220 224/792/224
f 219/793/219 223/794/223 216/795/216 213/796/213
f 223/797/223 220/798/220 212/799/212 216/800/216
f 197/801/197 200/802/200 217/803/217 211/804/211
f 200/805/200 198/806/198 213/807/213 217/808/217
f 218/809/218 221/810/221 210/811/210 204/812/204
f 221/813/221 219/814/219 206/815/206 210/816/210
f 205/817/205 209/818/209 202/819/202 199/820/199
f 209/821/209 206/822/206 198/823/198 202/824/202
f 169/825/169 172/826/172 203/827/203 197/828/197
f 172/829/172 170/830/170 199/831/199 203/832/203
f 204/833/204 207/834/207 179/835/179 177/836/177
f 207/837/207 205/838/205 176/839/176 179/840/179
f 183/841/183 169/842/169 197/843/197 211/844/211
f 171/845/171 184/846/184 192/847/192 178/848/178
f 199/849/199 170/850/170 176/851/176 205/852/205
f 218/853/218 204/854/204 177/855/177 190/856/190
f 185/857/185 212/858/212 220/859/220 191/860/191
f 213/861/213 198/862/198 206/863/206 219/864/219
o Left_Arm
v -1.051979 2.000000 0.448021
v -1.051979 2.103959 0.500000
v -1.000000 2.103959 0.448021
v -1.051979 2.030449 0.484776
v -1.021969 2.043938 0.478031
v -1.015224 2.103959 0.484776
v -1.015224 2.030449 0.448021
v -1.051979 3.896041 0.500000
v -1.051979 4.000000 0.448021
v -1.000000 3.896041 0.448021
v -1.051979 3.969551 0.484776
v -1.021969 3.956062 0.478031
v -1.015224 3.969551 0.448021
v -1.015224 3.896041 0.484776
v -1.051979 2.000000 -0.448021
v -1.000000 2.103959 -0.448021
v -1.051979 2.103959 -0.500000
v -1.015224 2.030449 -0.448021
v -1.021969 2.043938 -0.478031
v -1.015224 2.103959 -0.484776
v -1.051979 2.030449 -0.484776
v -1.051979 4.000000 -0.448021
v -1.051979 3.896041 -0.500000
v -1.000000 3.896041 -0.448021
v -1.051979 3.969551 -0.484776
v -1.021969 3.956062 -0.478031
v -1.015224 3.896041 -0.484776
v -1.015224 3.969551 -0.448021
v -1.948021 2.000000 0.448021
v -2.000000 2.103959 0.448021
v -1.948021 2.103959 0.500000
v -1.984776 2.030449 0.448021
v -1.978031 2.043938 0.478031
v -1.984776 2.103959 0.484776
v -1.948021 2.030449 0.484776
v -1.948021 4.000000 0.448021
v -1.948021 3.896041 0.500000
v -2.000000 3.896041 0.448021
v -1.948021 3.969551 0.484776
v -1.978031 3.956062 0.478031
v -1.984776 3.896041 0.484776
v -1.984776 3.969551 0.448021
v -1.948021 2.000000 -0.448021
v -1.948021 2.103959 -0.500000
v -2.000000 2.103959 -0.448021
v -1.948021 2.030449 -0.484776
v -1.978031 2.043938 -0.478031
v -1.984776 2.103959 -0.484776
v -1.984776 2.030449 -0.448021
v -1.948021 4.000000 -0.448021
v -2.000000 3.896041 -0.448021
v -1.948021 3.896041 -0.500000
v -1.984776 3.969551 -0.448021
v -1.978031 3.956062 -0.478031
v -1.984776 3.896041 -0.484776
v -1.948021 3.969551 -0.484776
vn 0.3001 -0.9055 0.3001
vn 0.1823 -0.0941 0.9787
vn 0.9787 -0.0941 0.1823
vn 0.2289 -0.5258 0.8192
vn 0.6591 -0.3622 0.6591
vn 0.7042 -0.0910 0.7042
vn 0.8192 -0.5258 0.2289
vn 0.1823 0.0941 0.9787
vn 0.3001 0.9055 0.3001
vn 0.9787 0.0941 0.1823
vn 0.2289 0.5258 0.8192
vn 0.6591 0.3622 0.6591
vn 0.8192 0.5258 0.2289
vn 0.7042 0.0910 0.7042
vn 0.3001 -0.9055 -0.3001
vn 0.9787 -0.0941 -0.1823
vn 0.1823 -0.0941 -0.9787
vn 0.8192 -0.5258 -0.2289
vn 0.6591 -0.3622 -0.6591
vn 0.7042 -0.0910 -0.7042
vn 0.2289 -0.5258 -0.8192
vn 0.3001 0.9055 -0.3001
vn 0.1823 0.0941 -0.9787
vn 0.9787 0.0941 -0.1823
vn 0.2289 0.5258 -0.8192
vn 0.6591 0.3622 -0.6591
vn 0.7042 0.0910 -0.7042
vn 0.8192 0.5258 -0.2289
vn -0.3001 -0.9055 0.3001
vn -0.9787 -0.0941 0.1823
vn -0.1823 -0.0941 0.9787
vn -0.8192 -0.5258 0.2289
vn -0.6591 -0.3622 0.6591
vn -0.7042 -0.0910 0.7042
vn -0.2289 -0.5258 0.8192
vn -0.3001 0.9055 0.3001
vn -0.1823 0.0941 0.9787
vn -0.9787 0.0941 0.1823
vn -0.2289 0.5258 0.8192
vn -0.6591 0.3622 0.6591
vn -0.7042 0.0910 0.7042
vn -0.8192 0.5258 0.2289
vn -0.3001 -0.9055 -0.3001
vn -0.1823 -0.0941 -0.9787
vn -0.9787 -0.0941 -0.1823
vn -0.2289 -0.5258 -0.8192
vn -0.6591 -0.3622 -0.6591
vn -0.7042 -0.0910 -0.7042
vn -0.8192 -0.5258 -0.2289
vn -0.3001 0.9055 -0.3001
vn -0.9787 0.0941 -0.1823
vn -0.1823 0.0941 -0.9787
vn -0.8192 0.5258 -0.2289
vn -0.6591 0.3622 -0.6591
vn -0.7042 0.0910 -0.7042
vn -0.2289 0.5258 -0.8192
vt 0.976915 0.192460
vt 0.976285 0.198158
vt 0.972251 0.198158
vt 0.971454 0.194203
vt 0.991756 0.299298
vt 0.992440 0.290307
vt 0.996097 0.292012
vt 0.996535 0.299298
vt 0.995535 0.210012
vt 0.990756 0.210012
vt 0.991195 0.202725
vt 0.994851 0.201021
vt 0.991314 0.876580
vt 0.996092 0.876580
vt 0.995654 0.883867
vt 0.991997 0.885571
vt 0.359836 0.996589
vt 0.360467 0.990891
vt 0.364501 0.990891
vt 0.365298 0.994845
vt 0.099209 0.963602
vt 0.098525 0.972593
vt 0.094868 0.970888
vt 0.094430 0.963602
vt 0.383378 0.990891
vt 0.382748 0.996589
vt 0.378714 0.996589
vt 0.377917 0.992634
vt 0.991756 0.393710
vt 0.992440 0.384719
vt 0.996097 0.386423
vt 0.996535 0.393710
vt 0.996092 0.897372
vt 0.991313 0.897372
vt 0.991752 0.890085
vt 0.995408 0.888381
vt 0.979725 0.198158
vt 0.980355 0.192460
vt 0.984389 0.192460
vt 0.985186 0.196415
vt 0.303455 0.963602
vt 0.302771 0.972593
vt 0.299115 0.970888
vt 0.298676 0.963602
vt 0.989534 0.111842
vt 0.994313 0.111842
vt 0.993874 0.119128
vt 0.990218 0.120833
vt 0.992863 0.100143
vt 0.992233 0.105841
vt 0.988199 0.105841
vt 0.987402 0.101886
vt 0.991756 0.311099
vt 0.992440 0.302108
vt 0.996097 0.303812
vt 0.996535 0.311099
vt 0.547687 0.882681
vt 0.542922 0.882319
vt 0.543912 0.875087
vt 0.547687 0.873664
vt 0.928802 0.996702
vt 0.929432 0.991004
vt 0.933467 0.991004
vt 0.934264 0.994958
vt 0.547687 0.920970
vt 0.547687 0.929987
vt 0.543912 0.928564
vt 0.542922 0.921332
vt 0.991314 0.900181
vt 0.996092 0.900181
vt 0.995654 0.907468
vt 0.991997 0.909172
vt 0.924454 0.991141
vt 0.923824 0.996839
vt 0.919790 0.996839
vt 0.918993 0.992884
vt 0.991756 0.405510
vt 0.992440 0.396519
vt 0.996097 0.398223
vt 0.996535 0.405510
vt 0.437319 0.885615
vt 0.432554 0.885253
vt 0.433543 0.878020
vt 0.437319 0.876598
vt 0.855712 0.995937
vt 0.856342 0.990239
vt 0.860376 0.990239
vt 0.861173 0.994194
vt 0.437319 0.923903
vt 0.437319 0.932920
vt 0.433543 0.931498
vt 0.432554 0.924265
vt 0.989534 0.123642
vt 0.994313 0.123642
vt 0.993874 0.130929
vt 0.990218 0.132633
vt 0.943237 0.440379
vt 0.948970 0.440379
vt 0.948970 0.548007
vt 0.943237 0.548007
vt 0.332716 0.766161
vt 0.341733 0.766161
vt 0.341733 0.873789
vt 0.332716 0.873789
vt 0.788813 0.219505
vt 0.793591 0.219505
vt 0.793591 0.434761
vt 0.788813 0.434761
vt 0.827707 0.001405
vt 0.832486 0.001405
vt 0.832486 0.216660
vt 0.827707 0.216660
vt 0.949925 0.109032
vt 0.944192 0.109032
vt 0.944192 0.001405
vt 0.949925 0.001405
vt 0.354101 0.873789
vt 0.345084 0.873789
vt 0.345084 0.766161
vt 0.354101 0.766161
vt 0.793591 0.652861
vt 0.788813 0.652861
vt 0.788813 0.437606
vt 0.793591 0.437606
vt 0.839118 0.434761
vt 0.834340 0.434761
vt 0.834340 0.219505
vt 0.839118 0.219505
vt 0.957512 0.548007
vt 0.951779 0.548007
vt 0.951779 0.440379
vt 0.957512 0.440379
vt 0.904949 0.548007
vt 0.895932 0.548007
vt 0.895932 0.440379
vt 0.904949 0.440379
vt 0.952735 0.001405
vt 0.958468 0.001405
vt 0.958468 0.109032
vt 0.952735 0.109032
vt 0.896887 0.001405
vt 0.905904 0.001405
vt 0.905904 0.109032
vt 0.896887 0.109032
vt 0.801179 0.434761
vt 0.796401 0.434761
vt 0.796401 0.219505
vt 0.801179 0.219505
vt 0.839118 0.652826
vt 0.834340 0.652826
vt 0.834340 0.437570
vt 0.839118 0.437570
vt 0.958854 0.763334
vt 0.953121 0.763334
vt 0.953121 0.655706
vt 0.958854 0.655706
vt 0.914833 0.763334
vt 0.905816 0.763334
vt 0.905816 0.655706
vt 0.914833 0.655706
vt 0.960321 0.440379
vt 0.966054 0.440379
vt 0.966054 0.548007
vt 0.960321 0.548007
vt 0.905816 0.766143
vt 0.914833 0.766143
vt 0.914833 0.873771
vt 0.905816 0.873771
vt 0.840074 0.216660
vt 0.835295 0.216660
vt 0.835295 0.001405
vt 0.840074 0.001405
vt 0.801179 0.652826
vt 0.796401 0.652826
vt 0.796401 0.437570
vt 0.801179 0.437570
vt 0.961277 0.001405
vt 0.967010 0.001405
vt 0.967010 0.109032
vt 0.961277 0.109032
vt 0.357452 0.766161
vt 0.366469 0.766161
vt 0.366469 0.873789
vt 0.357452 0.873789
vt 0.967396 0.763334
vt 0.961663 0.763334
vt 0.961663 0.655706
vt 0.967396 0.655706
vt 0.378295 0.873789
vt 0.369278 0.873789
vt 0.369278 0.766161
vt 0.378295 0.766161
vt 0.219470 0.655670
vt 0.219470 0.763298
vt 0.111842 0.763298
vt 0.111842 0.655670
vt 0.111842 0.437606
vt 0.219470 0.437606
vt 0.219470 0.652861
vt 0.111842 0.652861
vt 0.222279 0.437606
vt 0.329907 0.437606
vt 0.329907 0.652861
vt 0.222279 0.652861
vt 0.550852 0.763227
vt 0.550852 0.655599
vt 0.658480 0.655599
vt 0.658480 0.763227
vt 0.550852 0.001405
vt 0.658480 0.001405
vt 0.658480 0.216660
vt 0.550852 0.216660
vt 0.440415 0.001405
vt 0.548043 0.001405
vt 0.548043 0.216660
vt 0.440415 0.216660
s 1
f 225/865/225 231/866/231 229/867/229 228/868/228
f 226/869/226 228/870/228 229/871/229 230/872/230
f 227/873/227 230/874/230 229/875/229 231/876/231
f 232/877/232 238/878/238 236/879/236 235/880/235
f 233/881/233 235/882/235 236/883/236 237/884/237
f 234/885/234 237/886/237 236/887/236 238/888/238
f 239/889/239 245/890/245 243/891/243 242/892/242
f 240/893/240 242/894/242 243/895/243 244/896/244
f 241/897/241 244/898/244 243/899/243 245/900/245
f 246/901/246 252/902/252 250/903/250 249/904/249
f 247/905/247 249/906/249 250/907/250 251/908/251
f 248/909/248 251/910/251 250/911/250 252/912/252
f 253/913/253 259/914/259 257/915/257 256/916/256
f 254/917/254 256/918/256 257/919/257 258/920/258
f 255/921/255 258/922/258 257/923/257 259/924/259
f 260/925/260 266/926/266 264/927/264 263/928/263
f 261/929/261 263/930/263 264/931/264 265/932/265
f 262/933/262 265/934/265 264/935/264 266/936/266
f 267/937/267 273/938/273 271/939/271 270/940/270
f 268/941/268 270/942/270 271/943/271 272/944/272
f 269/945/269 272/946/272 271/947/271 273/948/273
f 274/949/274 280/950/280 278/951/278 277/952/277
f 275/953/275 277/954/277 278/955/278 279/956/279
f 276/957/276 279/958/279 278/959/278 280/960/280
f 239/961/239 242/962/242 231/963/231 225/964/225
f 242/965/242 240/966/240 227/967/227 231/968/231
f 226/969/226 230/970/230 238/971/238 232/972/232
f 230/973/230 227/974/227 234/975/234 238/976/238
f 233/977/233 237/978/237 252/979/252 246/980/246
f 237/981/237 234/982/234 248/983/248 252/984/252
f 247/985/247 251/986/251 244/987/244 241/988/241
f 251/989/251 248/990/248 240/991/240 244/992/244
f 267/993/267 270/994/270 245/995/245 239/996/239
f 270/997/270 268/998/268 241/999/241 245/1000/245
f 246/1001/246 249/1002/249 280/1003/280 274/1004/274
f 249/1005/249 247/1006/247 276/1007/276 280/1008/280
f 275/1009/275 279/1010/279 272/1011/272 269/1012/269
f 279/1013/279 276/1014/276 268/1015/268 272/1016/272
f 253/1017/253 256/1018/256 273/1019/273 267/1020/267
f 256/1021/256 254/1022/254 269/1023/269 273/1024/273
f 274/1025/274 277/1026/277 266/1027/266 260/1028/260
f 277/1029/277 275/1030/275 262/1031/262 266/1032/266
f 261/1033/261 265/1034/265 258/1035/258 255/1036/255
f 265/1037/265 262/1038/262 254/1039/254 258/1040/258
f 225/1041/225 228/1042/228 259/1043/259 253/1044/253
f 228/1045/228 226/1046/226 255/1047/255 259/1048/259
f 260/1049/260 263/1050/263 235/1051/235 233/1052/233
f 263/1053/263 261/1054/261 232/1055/232 235/1056/235
f 239/1057/239 225/1058/225 253/1059/253 267/1060/267
f 227/1061/227 240/1062/240 248/1063/248 234/1064/234
f 255/1065/255 226/1066/226 232/1067/232 261/1068/261
f 274/1069/274 260/1070/260 233/1071/233 246/1072/246
f 241/1073/241 268/1074/268 276/1075/276 247/1076/247
f 269/1077/269 254/1078/254 262/1079/262 275/1080/275
o Head
v 0.000000 4.000000 -0.364892
v 0.000000 4.233975 -0.600000
v 0.000000 4.005866 -0.417209
v 0.000000 4.023171 -0.466902
v 0.000000 4.051046 -0.511479
v 0.000000 4.088094 -0.548707
v 0.000000 4.132457 -0.576717
v 0.000000 4.181911 -0.594105
v 0.000000 5.200000 -0.364892
v 0.000000 4.966024 -0.600000
v 0.000000 5.194134 -0.417209
v 0.000000 5.176829 -0.466902
v 0.000000 5.148954 -0.511479
v 0.000000 5.111906 -0.548707
v 0.000000 5.067543 -0.576717
v 0.000000 5.018089 -0.594105
v 0.071187 4.000000 -0.357881
v 0.117054 4.233975 -0.588471
v 0.081393 4.005866 -0.409192
v 0.091088 4.023171 -0.457930
v 0.099785 4.051046 -0.501652
v 0.107047 4.088094 -0.538164
v 0.112512 4.132457 -0.565636
v 0.115904 4.181911 -0.582690
v 0.071187 5.200000 -0.357881
v 0.117054 4.966024 -0.588471
v 0.081393 5.194134 -0.409192
v 0.091088 5.176829 -0.457930
v 0.099785 5.148954 -0.501652
v 0.107047 5.111906 -0.538164
v 0.112512 5.067543 -0.565636
v 0.115904 5.018089 -0.582690
v 0.139638 4.000000 -0.337116
v 0.229610 4.233975 -0.554328
v 0.159659 4.005866 -0.385450
v 0.178676 4.023171 -0.431361
v 0.195735 4.051046 -0.472545
v 0.209981 4.088094 -0.506939
v 0.220700 4.132457 -0.532817
v 0.227354 4.181911 -0.548882
v 0.139638 5.200000 -0.337116
v 0.229610 4.966024 -0.554328
v 0.159659 5.194134 -0.385450
v 0.178676 5.176829 -0.431361
v 0.195735 5.148954 -0.472545
v 0.209981 5.111906 -0.506939
v 0.220700 5.067543 -0.532817
v 0.227354 5.018089 -0.548882
v 0.202723 4.000000 -0.303397
v 0.333342 4.233975 -0.498882
v 0.231789 4.005866 -0.346896
v 0.259397 4.023171 -0.388214
v 0.284163 4.051046 -0.425280
v 0.304845 4.088094 -0.456233
v 0.320407 4.132457 -0.479523
v 0.330067 4.181911 -0.493981
v 0.202723 5.200000 -0.303397
v 0.333342 4.966024 -0.498882
v 0.231789 5.194134 -0.346896
v 0.259397 5.176829 -0.388215
v 0.284163 5.148954 -0.425280
v 0.304845 5.111906 -0.456233
v 0.320407 5.067543 -0.479523
v 0.330067 5.018089 -0.493981
v 0.258018 4.000000 -0.258018
v 0.424264 4.233975 -0.424264
v 0.295011 4.005866 -0.295011
v 0.330149 4.023171 -0.330149
v 0.361671 4.051046 -0.361671
v 0.387994 4.088094 -0.387994
v 0.407800 4.132457 -0.407800
v 0.420096 4.181911 -0.420096
v 0.258018 5.200000 -0.258018
v 0.424264 4.966024 -0.424264
v 0.295011 5.194134 -0.295011
v 0.330149 5.176829 -0.330149
v 0.361671 5.148954 -0.361671
v 0.387994 5.111906 -0.387994
v 0.407800 5.067543 -0.407800
v 0.420096 5.018089 -0.420096
v 0.303397 4.000000 -0.202723
v 0.498882 4.233975 -0.333342
v 0.346896 4.005866 -0.231789
v 0.388215 4.023171 -0.259397
v 0.425280 4.051046 -0.284163
v 0.456233 4.088094 -0.304845
v 0.479523 4.132457 -0.320407
v 0.493981 4.181911 -0.330067
v 0.303397 5.200000 -0.202723
v 0.498882 4.966024 -0.333342
v 0.346896 5.194134 -0.231789
v 0.388214 5.176829 -0.259397
v 0.425280 5.148954 -0.284163
v 0.456233 5.111906 -0.304845
v 0.479523 5.067543 -0.320407
v 0.493981 5.018089 -0.330067
v 0.337116 4.000000 -0.139638
v 0.554328 4.233975 -0.229610
v 0.385450 4.005866 -0.159659
v 0.431361 4.023171 -0.178676
v 0.472545 4.051046 -0.195735
v 0.506939 4.088094 -0.209981
v 0.532817 4.132457 -0.220700
v 0.548882 4.181911 -0.227354
v 0.337116 5.200000 -0.139638
v 0.554328 4.966024 -0.229610
v 0.385450 5.194134 -0.159659
v 0.431361 5.176829 -0.178676
v 0.472545 5.148954 -0.195735
v 0.506939 5.111906 -0.209981
v 0.532817 5.067543 -0.220700
v 0.548882 5.018089 -0.227354
v 0.357881 4.000000 -0.071187
v 0.588471 4.233975 -0.117054
v 0.409192 4.005866 -0.081393
v 0.457930 4.023171 -0.091088
v 0.501652 4.051046 -0.099785
v 0.538164 4.088094 -0.107047
v 0.565636 4.132457 -0.112512
v 0.582690 4.181911 -0.115904
v 0.357881 5.200000 -0.071187
v 0.588471 4.966024 -0.117054
v 0.409192 5.194134 -0.081393
v 0.457930 5.176829 -0.091088
v 0.501652 5.148954 -0.099785
v 0.538164 5.111906 -0.107047
v 0.565636 5.067543 -0.112512
v 0.582690 5.018089 -0.115904
v 0.364892 4.000000 0.000000
v 0.600000 4.233975 0.000000
v 0.417209 4.005866 0.000000
v 0.466902 4.023171 0.000000
v 0.511479 4.051046 0.000000
v 0.548707 4.088094 0.000000
v 0.576717 4.132457 0.000000
v 0.594105 4.181911 0.000000
v 0.364892 5.200000 0.000000
v 0.600000 4.966024 0.000000
v 0.417209 5.194134 0.000000
v 0.466902 5.176829 0.000000
v 0.511479 5.148954 0.000000
v 0.548707 5.111906 0.000000
v 0.576717 5.067543 0.000000
v 0.594105 5.018089 0.000000
v 0.357881 4.000000 0.071187
v 0.588471 4.233975 0.117054
v 0.409192 4.005866 0.081393
v 0.457930 4.023171 0.091088
v 0.501652 4.051046 0.099785
v 0.538164 4.088094 0.107047
v 0.565636 4.132457 0.112512
v 0.582690 4.181911 0.115904
v 0.357881 5.200000 0.071187
v 0.588471 4.966024 0.117054
v 0.409192 5.194134 0.081393
v 0.457930 5.176829 0.091088
v 0.501652 5.148954 0.099785
v 0.538164 5.111906 0.107047
v 0.565636 5.067543 0.112512
v 0.582690 5.018089 0.115904
v 0.337116 4.000000 0.139638
v 0.554328 4.233975 0.229610
v 0.385450 4.005866 0.159659
v 0.431361 4.023171 0.178676
v 0.472545 4.051046 0.195735
v 0.506939 4.088094 0.209981
v 0.532817 4.132457 0.220700
v 0.548882 4.181911 0.227354
v 0.337116 5.200000 0.139638
v 0.554328 4.966024 0.229610
v 0.385450 5.194134 0.159659
v 0.431361 5.176829 0.178676
v 0.472545 5.148954 0.195735
v 0.506939 5.111906 0.209981
v 0.532817 5.067543 0.220700
v 0.548882 5.018089 0.227354
v 0.303397 4.000000 0.202723
v 0.498882 4.233975 0.333342
v 0.346896 4.005866 0.231789
v 0.388214 4.023171 0.259397
v 0.425280 4.051046 0.284163
v 0.456233 4.088094 0.304845
v 0.479523 4.132457 0.320407
v 0.493981 4.181911 0.330067
v 0.303397 5.200000 0.202723
v 0.498882 4.966024 0.333342
v 0.346896 5.194134 0.231789
v 0.388215 5.176829 0.259397
v 0.425280 5.148954 0.284163
v 0.456233 5.111906 0.304845
v 0.479523 5.067543 0.320407
v 0.493981 5.018089 0.330067
v 0.258018 4.000000 0.258018
v 0.424264 4.233975 0.424264
v 0.295011 4.005866 0.295011
v 0.330149 4.023171 0.330149
v 0.361671 4.051046 0.361671
v 0.387994 4.088094 0.387994
v 0.407800 4.132457 0.407800
v 0.420096 4.181911 0.420096
v 0.258018 5.200000 0.258018
v 0.424264 4.966024 0.424264
v 0.295011 5.194134 0.295011
v 0.330149 5.176829 0.330149
v 0.361671 5.148954 0.361671
v 0.387994 5.111906 0.387994
v 0.407800 5.067543 0.407800
v 0.420096 5.018089 0.420096
v 0.202723 4.000000 0.303397
v 0.333342 4.233975 0.498882
v 0.231789 4.005866 0.346896
v 0.259397 4.023171 0.388215
v 0.284163 4.051046 0.425280
v 0.304845 4.088094 0.456233
v 0.320407 4.132457 0.479523
v 0.330067 4.181911 0.493981
v 0.202723 5.200000 0.303397
v 0.333342 4.966024 0.498882
v 0.231789 5.194134 0.346896
v 0.259397 5.176829 0.388214
v 0.284163 5.148954 0.425280
v 0.304845 5.111906 0.456233
v 0.320407 5.067543 0.479523
v 0.330067 5.018089 0.493981
v 0.139638 4.000000 0.337116
v 0.229610 4.233975 0.554328
v 0.159659 4.005866 0.385450
v 0.178676 4.023171 0.431361
v 0.195735 4.051046 0.472545
v 0.209981 4.088094 0.506939
v 0.220700 4.132457 0.532817
v 0.227354 4.181911 0.548882
v 0.139638 5.200000 0.337116
v 0.229610 4.966024 0.554328
v 0.159659 5.194134 0.385450
v 0.178676 5.176829 0.431361
v 0.195735 5.148954 0.472545
v 0.209981 5.111906 0.506939
v 0.220700 5.067543 0.532817
v 0.227354 5.018089 0.548882
v 0.071187 4.000000 0.357881
v 0.117054 4.233975 0.588471
v 0.081393 4.005866 0.409192
v 0.091088 4.023171 0.457930
v 0.099785 4.051046 0.501652
v 0.107047 4.088094 0.538164
v 0.112512 4.132457 0.565636
v 0.115904 4.181911 0.582690
v 0.071187 5.200000 0.357881
v 0.117054 4.966024 0.588471
v 0.081393 5.194134 0.409192
v 0.091088 5.176829 0.457930
v 0.099785 5.148954 0.501652
v 0.107047 5.111906 0.538164
v 0.112512 5.067543 0.565636
v 0.115904 5.018089 0.582690
v 0.000000 4.000000 0.364892
v 0.000000 4.233975 0.600000
v 0.000000 4.005866 0.417209
v 0.000000 4.023171 0.466902
v 0.000000 4.051046 0.511479
v 0.000000 4.088094 0.548707
v 0.000000 4.132457 0.576717
v 0.000000 4.181911 0.594105
v 0.000000 5.200000 0.364892
v 0.000000 4.966024 0.600000
v 0.000000 5.194134 0.417209
v 0.000000 5.176829 0.466902
v 0.000000 5.148954 0.511479
v 0.000000 5.111906 0.548707
v 0.000000 5.067543 0.576717
v 0.000000 5.018089 0.594105
v -0.071187 4.000000 0.357881
v -0.117054 4.233975 0.588471
v -0.081393 4.005866 0.409192
v -0.091088 4.023171 0.457930
v -0.099785 4.051046 0.501652
v -0.107047 4.088094 0.538164
v -0.112512 4.132457 0.565636
v -0.115904 4.181911 0.582690
v -0.071187 5.200000 0.357881
v -0.117054 4.966024 0.588471
v -0.081393 5.194134 0.409192
v -0.091088 5.176829 0.457930
v -0.099785 5.148954 0.501652
v -0.107047 5.111906 0.538164
v -0.112512 5.067543 0.565636
v -0.115904 5.018089 0.582690
v -0.139638 4.000000 0.337116
v -0.229610 4.233975 0.554328
v -0.159659 4.005866 0.385450
v -0.178676 4.023171 0.431361
v -0.195735 4.051046 0.472545
v -0.209981 4.088094 0.506939
v -0.220700 4.132457 0.532817
v -0.227354 4.181911 0.548882
v -0.139638 5.200000 0.337116
v -0.229610 4.966024 0.554328
v -0.159659 5.194134 0.385450
v -0.178676 5.176829 0.431361
v -0.195735 5.148954 0.472545
v -0.209981 5.111906 0.506939
v -0.220700 5.067543 0.532817
v -0.227354 5.018089 0.548882
v -0.202723 4.000000 0.303397
v -0.333342 4.233975 0.498882
v -0.231789 4.005866 0.346896
v -0.259397 4.023171 0.388214
v -0.284163 4.051046 0.425280
v -0.304845 4.088094 0.456233
v -0.320407 4.132457 0.479523
v -0.330067 4.181911 0.493981
v -0.202723 5.200000 0.303397
v -0.333342 4.966024 0.498882
v -0.231789 5.194134 0.346896
v -0.259397 5.176829 0.388215
v -0.284163 5.148954 0.425280
v -0.304845 5.111906 0.456233
v -0.320407 5.067543 0.479523
v -0.330067 5.018089 0.493981
v -0.258018 4.000000 0.258018
v -0.424264 4.233975 0.424264
v -0.295011 4.005866 0.295011
v -0.330149 4.023171 0.330149
v -0.361671 4.051046 0.361671
v -0.387994 4.088094 0.387994
v -0.407800 4.132457 0.407800
v -0.420096 4.181911 0.420096
v -0.258018 5.200000 0.258018
v -0.424264 4.966024 0.424264
v -0.295011 5.194134 0.295011
v -0.330149 5.176829 0.330149
v -0.361671 5.148954 0.361671
v -0.387994 5.111906 0.387994
v -0.407800 5.067543 0.407800
v -0.420096 5.018089 0.420096
v -0.303397 4.000000 0.202723
v -0.498882 4.233975 0.333342
v -0.346896 4.005866 0.231789
v -0.388215 4.023171 0.259397
v -0.425280 4.051046 0.284163
v -0.456233 4.088094 0.304845
v -0.479523 4.132457 0.320407
v -0.493981 4.181911 0.330067
v -0.303397 5.200000 0.202723
v -0.498882 4.966024 0.333342
v -0.346896 5.194134 0.231789
v -0.388214 5.176829 0.259397
v -0.425280 5.148954 0.284163
v -0.456233 5.111906 0.304845
v -0.479523 5.067543 0.320407
v -0.493981 5.018089 0.330067
v -0.337116 4.000000 0.139638
v -0.554328 4.233975 0.229610
v -0.385450 4.005866 0.159659
v -0.431361 4.023171 0.178676
v -0.472545 4.051046 0.195735
v -0.506939 4.088094 0.209981
v -0.532817 4.132457 0.220700
v -0.548882 4.181911 0.227354
v -0.337116 5.200000 0.139638
v -0.554328 4.966024 0.229610
v -0.385450 5.194134 0.159659
v -0.431361 5.176829 0.178676
v -0.472545 5.148954 0.195735
v -0.506939 5.111906 0.209981
v -0.532817 5.067543 0.220700
v -0.548882 5.018089 0.227354
v -0.357881 4.000000 0.071187
v -0.588471 4.233975 0.117054
v -0.409192 4.005866 0.081393
v -0.457930 4.023171 0.091088
v -0.501652 4.051046 0.099785
v -0.538164 4.088094 0.107047
v -0.565636 4.132457 0.112512
v -0.582690 4.181911 0.115904
v -0.357881 5.200000 0.071187
v -0.588471 4.966024 0.117054
v -0.409192 5.194134 0.081393
v -0.457930 5.176829 0.091088
v -0.501652 5.148954 0.099785
v -0.538164 5.111906 0.107047
v -0.565636 5.067543 0.112512
v -0.582690 5.018089 0.115904
v -0.364892 4.000000 0.000000
v -0.600000 4.233975 0.000000
v -0.417209 4.005866 0.000000
v -0.466902 4.023171 0.000000
v -0.511479 4.051046 0.000000
v -0.548707 4.088094 0.000000
v -0.576717 4.132457 0.000000
v -0.594105 4.181911 0.000000
v -0.364892 5.200000 0.000000
v -0.600000 4.966024 0.000000
v -0.417209 5.194134 0.000000
v -0.466902 5.176829 0.000000
v -0.511479 5.148954 0.000000
v -0.548707 5.111906 0.000000
v -0.576717 5.067543 0.000000
v -0.594105 5.018089 0.000000
v -0.357881 4.000000 -0.071187
v -0.588471 4.233975 -0.117054
v -0.409192 4.005866 -0.081393
v -0.457930 4.023171 -0.091088
v -0.501652 4.051046 -0.099785
v -0.538164 4.088094 -0.107047
v -0.565636 4.132457 -0.112512
v -0.582690 4.181911 -0.115904
v -0.357881 5.200000 -0.071187
v -0.588471 4.966024 -0.117054
v -0.409192 5.194134 -0.081393
v -0.457930 5.176829 -0.091088
v -0.501652 5.148954 -0.099785
v -0.538164 5.111906 -0.107047
v -0.565636 5.067543 -0.112512
v -0.582690 5.018089 -0.115904
v -0.337116 4.000000 -0.139638
v -0.554328 4.233975 -0.229610
v -0.385450 4.005866 -0.159659
v -0.431361 4.023171 -0.178676
v -0.472545 4.051046 -0.195735
v -0.506939 4.088094 -0.209981
v -0.532817 4.132457 -0.220700
v -0.548882 4.181911 -0.227354
v -0.337116 5.200000 -0.139638
v -0.554328 4.966024 -0.229610
v -0.385450 5.194134 -0.159659
v -0.431361 5.176829 -0.178676
v -0.472545 5.148954 -0.195735
v -0.506939 5.111906 -0.209981
v -0.532817 5.067543 -0.220700
v -0.548882 5.018089 -0.227354
v -0.303397 4.000000 -0.202723
v -0.498882 4.233975 -0.333342
v -0.346896 4.005866 -0.231789
v -0.388214 4.023171 -0.259397
v -0.425280 4.051046 -0.284163
v -0.456233 4.088094 -0.304845
v -0.479523 4.132457 -0.320407
v -0.493981 4.181911 -0.330067
v -0.303397 5.200000 -0.202723
v -0.498882 4.966024 -0.333342
v -0.346896 5.194134 -0.231789
v -0.388215 5.176829 -0.259397
v -0.425280 5.148954 -0.284163
v -0.456233 5.111906 -0.304845
v -0.479523 5.067543 -0.320407
v -0.493981 5.018089 -0.330067
v -0.258018 4.000000 -0.258018
v -0.424264 4.233975 -0.424264
v -0.295011 4.005866 -0.295011
v -0.330149 4.023171 -0.330149
v -0.361671 4.051046 -0.361671
v -0.387994 4.088094 -0.387994
v -0.407800 4.132457 -0.407800
v -0.420096 4.181911 -0.420096
v -0.258018 5.200000 -0.258018
v -0.424264 4.966024 -0.424264
v -0.295011 5.194134 -0.295011
v -0.330149 5.176829 -0.330149
v -0.361671 5.148954 -0.361671
v -0.387994 5.111906 -0.387994
v -0.407800 5.067543 -0.407800
v -0.420096 5.018089 -0.420096
v -0.202723 4.000000 -0.303397
v -0.333342 4.233975 -0.498882
v -0.231789 4.005866 -0.346896
v -0.259397 4.023171 -0.388215
v -0.284163 4.051046 -0.425280
v -0.304845 4.088094 -0.456233
v -0.320407 4.132457 -0.479523
v -0.330067 4.181911 -0.493981
v -0.202723 5.200000 -0.303397
v -0.333342 4.966024 -0.498882
v -0.231789 5.194134 -0.346896
v -0.259397 5.176829 -0.388214
v -0.284163 5.148954 -0.425280
v -0.304845 5.111906 -0.456233
v -0.320407 5.067543 -0.479523
v -0.330067 5.018089 -0.493981
v -0.139638 4.000000 -0.337116
v -0.229610 4.233975 -0.554328
v -0.159659 4.005866 -0.385450
v -0.178676 4.023171 -0.431361
v -0.195735 4.051046 -0.472545
v -0.209981 4.088094 -0.506939
v -0.220700 4.132457 -0.532817
v -0.227354 4.181911 -0.548882
v -0.139638 5.200000 -0.337116
v -0.229610 4.966024 -0.554328
v -0.159659 5.194134 -0.385450
v -0.178676 5.176829 -0.431361
v -0.195735 5.148954 -0.472545
v -0.209981 5.111906 -0.506939
v -0.220700 5.067543 -0.532817
v -0.227354 5.018089 -0.548882
v -0.071187 4.000000 -0.357881
v -0.117054 4.233975 -0.588471
v -0.081393 4.005866 -0.409192
v -0.091088 4.023171 -0.457930
v -0.099785 4.051046 -0.501652
v -0.107047 4.088094 -0.538164
v -0.112512 4.132457 -0.565636
v -0.115904 4.181911 -0.582690
v -0.071187 5.200000 -0.357881
v -0.117054 4.966024 -0.588471
v -0.081393 5.194134 -0.409192
v -0.091088 5.176829 -0.457930
v -0.099785 5.148954 -0.501652
v -0.107047 5.111906 -0.538164
v -0.112512 5.067543 -0.565636
v -0.115904 5.018089 -0.582690
vn -0.0000 -0.9982 -0.0593
vn -0.0000 -0.0561 -0.9984
vn -0.0000 -0.9736 -0.2281
vn -0.0000 -0.8990 -0.4379
vn -0.0000 -0.7799 -0.6259
vn -0.0000 -0.6219 -0.7831
vn -0.0000 -0.4328 -0.9015
vn -0.0000 -0.2220 -0.9750
vn -0.0000 0.9982 -0.0593
vn -0.0000 0.0561 -0.9984
vn -0.0000 0.9736 -0.2281
vn -0.0000 0.8990 -0.4379
vn -0.0000 0.7799 -0.6259
vn -0.0000 0.6219 -0.7831
vn -0.0000 0.4328 -0.9015
vn -0.0000 0.2220 -0.9750
vn 0.0116 -0.9982 -0.0581
vn 0.1948 -0.0561 -0.9792
vn 0.0445 -0.9736 -0.2237
vn 0.0854 -0.8990 -0.4294
vn 0.1221 -0.7799 -0.6139
vn 0.1528 -0.6219 -0.7681
vn 0.1759 -0.4328 -0.8842
vn 0.1902 -0.2220 -0.9563
vn 0.0116 0.9982 -0.0581
vn 0.1948 0.0561 -0.9792
vn 0.0445 0.9736 -0.2237
vn 0.0854 0.8990 -0.4294
vn 0.1221 0.7799 -0.6139
vn 0.1528 0.6219 -0.7681
vn 0.1759 0.4328 -0.8842
vn 0.1902 0.2220 -0.9563
vn 0.0227 -0.9982 -0.0548
vn 0.3821 -0.0561 -0.9224
vn 0.0873 -0.9736 -0.2108
vn 0.1676 -0.8990 -0.4045
vn 0.2395 -0.7799 -0.5783
vn 0.2997 -0.6219 -0.7235
vn 0.3450 -0.4328 -0.8329
vn 0.3731 -0.2220 -0.9008
vn 0.0227 0.9982 -0.0548
vn 0.3821 0.0561 -0.9224
vn 0.0873 0.9736 -0.2108
vn 0.1676 0.8990 -0.4045
vn 0.2395 0.7799 -0.5783
vn 0.2997 0.6219 -0.7235
vn 0.3450 0.4328 -0.8329
vn 0.3731 0.2220 -0.9008
vn 0.0329 -0.9982 -0.0493
vn 0.5547 -0.0561 -0.8302
vn 0.1267 -0.9736 -0.1897
vn 0.2433 -0.8990 -0.3641
vn 0.3478 -0.7799 -0.5205
vn 0.4351 -0.6219 -0.6511
vn 0.5008 -0.4328 -0.7496
vn 0.5417 -0.2220 -0.8107
vn 0.0329 0.9982 -0.0493
vn 0.5547 0.0561 -0.8302
vn 0.1267 0.9736 -0.1897
vn 0.2433 0.8990 -0.3641
vn 0.3478 0.7799 -0.5205
vn 0.4351 0.6219 -0.6511
vn 0.5008 0.4328 -0.7496
vn 0.5417 0.2220 -0.8107
vn 0.0419 -0.9982 -0.0419
vn 0.7060 -0.0561 -0.7060
vn 0.1613 -0.9736 -0.1613
vn 0.3096 -0.8990 -0.3096
vn 0.4426 -0.7799 -0.4426
vn 0.5537 -0.6219 -0.5537
vn 0.6374 -0.4328 -0.6374
vn 0.6895 -0.2220 -0.6895
vn 0.0419 0.9982 -0.0419
vn 0.7060 0.0561 -0.7060
vn 0.1613 0.9736 -0.1613
vn 0.3096 0.8990 -0.3096
vn 0.4426 0.7799 -0.4426
vn 0.5537 0.6219 -0.5537
vn 0.6374 0.4328 -0.6374
vn 0.6895 0.2220 -0.6895
vn 0.0493 -0.9982 -0.0329
vn 0.8302 -0.0561 -0.5547
vn 0.1897 -0.9736 -0.1267
vn 0.3641 -0.8990 -0.2433
vn 0.5205 -0.7799 -0.3478
vn 0.6511 -0.6219 -0.4351
vn 0.7496 -0.4328 -0.5008
vn 0.8107 -0.2220 -0.5417
vn 0.0493 0.9982 -0.0329
vn 0.8302 0.0561 -0.5547
vn 0.1897 0.9736 -0.1267
vn 0.3641 0.8990 -0.2433
vn 0.5205 0.7799 -0.3478
vn 0.6511 0.6219 -0.4351
vn 0.7496 0.4328 -0.5008
vn 0.8107 0.2220 -0.5417
vn 0.0548 -0.9982 -0.0227
vn 0.9224 -0.0561 -0.3821
vn 0.2108 -0.9736 -0.0873
vn 0.4045 -0.8990 -0.1676
vn 0.5783 -0.7799 -0.2395
vn 0.7235 -0.6219 -0.2997
vn 0.8329 -0.4328 -0.3450
vn 0.9008 -0.2220 -0.3731
vn 0.0548 0.9982 -0.0227
vn 0.9224 0.0561 -0.3821
vn 0.2108 0.9736 -0.0873
vn 0.4045 0.8990 -0.1676
vn 0.5783 0.7799 -0.2395
vn 0.7235 0.6219 -0.2997
vn 0.8329 0.4328 -0.3450
vn 0.9008 0.2220 -0.3731
vn 0.0581 -0.9982 -0.0116
vn 0.9792 -0.0561 -0.1948
vn 0.2237 -0.9736 -0.0445
vn 0.4294 -0.8990 -0.0854
vn 0.6139 -0.7799 -0.1221
vn 0.7681 -0.6219 -0.1528
vn 0.8842 -0.4328 -0.1759
vn 0.9563 -0.2220 -0.1902
vn 0.0581 0.9982 -0.0116
vn 0.9792 0.0561 -0.1948
vn 0.2237 0.9736 -0.0445
vn 0.4294 0.8990 -0.0854
vn 0.6139 0.7799 -0.1221
vn 0.7681 0.6219 -0.1528
vn 0.8842 0.4328 -0.1759
vn 0.9563 0.2220 -0.1902
vn 0.0593 -0.9982 -0.0000
vn 0.9984 -0.0561 -0.0000
vn 0.2281 -0.9736 -0.0000
vn 0.4379 -0.8990 -0.0000
vn 0.6259 -0.7799 -0.0000
vn 0.7831 -0.6219 -0.0000
vn 0.9015 -0.4328 -0.0000
vn 0.9750 -0.2220 -0.0000
vn 0.0593 0.9982 -0.0000
vn 0.9984 0.0561 -0.0000
vn 0.2281 0.9736 -0.0000
vn 0.4379 0.8990 -0.0000
vn 0.6259 0.7799 -0.0000
vn 0.7831 0.6219 -0.0000
vn 0.9015 0.4328 -0.0000
vn 0.9750 0.2220 -0.0000
vn 0.0581 -0.9982 0.0116
vn 0.9792 -0.0561 0.1948
vn 0.2237 -0.9736 0.0445
vn 0.4294 -0.8990 0.0854
vn 0.6139 -0.7799 0.1221
vn 0.7681 -0.6219 0.1528
vn 0.8842 -0.4328 0.1759
vn 0.9563 -0.2220 0.1902
vn 0.0581 0.9982 0.0116
vn 0.9792 0.0561 0.1948
vn 0.2237 0.9736 0.0445
vn 0.4294 0.8990 0.0854
vn 0.6139 0.7799 0.1221
vn 0.7681 0.6219 0.1528
vn 0.8842 0.4328 0.1759
vn 0.9563 0.2220 0.1902
vn 0.0548 -0.9982 0.0227
vn 0.9224 -0.0561 0.3821
vn 0.2108 -0.9736 0.0873
vn 0.4045 -0.8990 0.1676
vn 0.5783 -0.7799 0.2395
vn 0.7235 -0.6219 0.2997
vn 0.8329 -0.4328 0.3450
vn 0.9008 -0.2220 0.3731
vn 0.0548 0.9982 0.0227
vn 0.9224 0.0561 0.3821
vn 0.2108 0.9736 0.0873
vn 0.4045 0.8990 0.1676
vn 0.5783 0.7799 0.2395
vn 0.7235 0.6219 0.2997
vn 0.8329 0.4328 0.3450
vn 0.9008 0.2220 0.3731
vn 0.0493 -0.9982 0.0329
vn 0.8302 -0.0561 0.5547
vn 0.1897 -0.9736 0.1267
vn 0.3641 -0.8990 0.2433
vn 0.5205 -0.7799 0.3478
vn 0.6511 -0.6219 0.4351
vn 0.7496 -0.4328 0.5008
vn 0.8107 -0.2220 0.5417
vn 0.0493 0.9982 0.0329
vn 0.8302 0.0561 0.5547
vn 0.1897 0.9736 0.1267
vn 0.3641 0.8990 0.2433
vn 0.5205 0.7799 0.3478
vn 0.6511 0.6219 0.4351
vn 0.7496 0.4328 0.5008
vn 0.8107 0.2220 0.5417
vn 0.0419 -0.9982 0.0419
vn 0.7060 -0.0561 0.7060
vn 0.1613 -0.9736 0.1613
vn 0.3096 -0.8990 0.3096
vn 0.4426 -0.7799 0.4426
vn 0.5537 -0.6219 0.5537
vn 0.6374 -0.4328 0.6374
vn 0.6895 -0.2220 0.6895
vn 0.0419 0.9982 0.0419
vn 0.7060 0.0561 0.7060
vn 0.1613 0.9736 0.1613
vn 0.3096 0.8990 0.3096
vn 0.4426 0.7799 0.4426
vn 0.5537 0.6219 0.5537
vn 0.6374 0.4328 0.6374
vn 0.6895 0.2220 0.6895
vn 0.0329 -0.9982 0.0493
vn 0.5547 -0.0561 0.8302
vn 0.1267 -0.9736 0.1897
vn 0.2433 -0.8990 0.3641
vn 0.3478 -0.7799 0.5205
vn 0.4351 -0.6219 0.6511
vn 0.5008 -0.4328 0.7496
vn 0.5417 -0.2220 0.8107
vn 0.0329 0.9982 0.0493
vn 0.5547 0.0561 0.8302
vn 0.1267 0.9736 0.1897
vn 0.2433 0.8990 0.3641
vn 0.3478 0.7799 0.5205
vn 0.4351 0.6219 0.6511
vn 0.5008 0.4328 0.7496
vn 0.5417 0.2220 0.8107
vn 0.0227 -0.9982 0.0548
vn 0.3821 -0.0561 0.9224
vn 0.0873 -0.9736 0.2108
vn 0.1676 -0.8990 0.4045
vn 0.2395 -0.7799 0.5783
vn 0.2997 -0.6219 0.7235
vn 0.3450 -0.4328 0.8329
vn 0.3731 -0.2220 0.9008
vn 0.0227 0.9982 0.0548
vn 0.3821 0.0561 0.9224
vn 0.0873 0.9736 0.2108
vn 0.1676 0.8990 0.4045
vn 0.2395 0.7799 0.5783
vn 0.2997 0.6219 0.7235
vn 0.3450 0.4328 0.8329
vn 0.3731 0.2220 0.9008
vn 0.0116 -0.9982 0.0581
vn 0.1948 -0.0561 0.9792
vn 0.0445 -0.9736 0.2237
vn 0.0854 -0.8990 0.4294
vn 0.1221 -0.7799 0.6139
vn 0.1528 -0.6219 0.7681
vn 0.1759 -0.4328 0.8842
vn 0.1902 -0.2220 0.9563
vn 0.0116 0.9982 0.0581
vn 0.1948 0.0561 0.9792
vn 0.0445 0.9736 0.2237
vn 0.0854 0.8990 0.4294
vn 0.1221 0.7799 0.6139
vn 0.1528 0.6219 0.7681
vn 0.1759 0.4328 0.8842
vn 0.1902 0.2220 0.9563
vn -0.0000 -0.9982 0.0593
vn -0.0000 -0.0561 0.9984
vn -0.0000 -0.9736 0.2281
vn -0.0000 -0.8990 0.4379
vn -0.0000 -0.7799 0.6259
vn -0.0000 -0.6219 0.7831
vn -0.0000 -0.4328 0.9015
vn -0.0000 -0.2220 0.9750
vn -0.0000 0.9982 0.0593
vn -0.0000 0.0561 0.9984
vn -0.0000 0.9736 0.2281
vn -0.0000 0.8990 0.4379
vn -0.0000 0.7799 0.6259
vn -0.0000 0.6219 0.7831
vn -0.0000 0.4328 0.9015
vn -0.0000 0.2220 0.9750
vn -0.0116 -0.9982 0.0581
vn -0.1948 -0.0561 0.9792
vn -0.0445 -0.9736 0.2237
vn -0.0854 -0.8990 0.4294
vn -0.1221 -0.7799 0.6139
vn -0.1528 -0.6219 0.7681
vn -0.1759 -0.4328 0.8842
vn -0.1902 -0.2220 0.9563
vn -0.0116 0.9982 0.0581
vn -0.1948 0.0561 0.9792
vn -0.0445 0.9736 0.2237
vn -0.0854 0.8990 0.4294
vn -0.1221 0.7799 0.6139
vn -0.1528 0.6219 0.7681
vn -0.1759 0.4328 0.8842
vn -0.1902 0.2220 0.9563
vn -0.0227 -0.9982 0.0548
vn -0.3821 -0.0561 0.9224
vn -0.0873 -0.9736 0.2108
vn -0.1676 -0.8990 0.4045
vn -0.2395 -0.7799 0.5783
vn -0.2997 -0.6219 0.7235
vn -0.3450 -0.4328 0.8329
vn -0.3731 -0.2220 0.9008
vn -0.0227 0.9982 0.0548
vn -0.3821 0.0561 0.9224
vn -0.0873 0.9736 0.2108
vn -0.1676 0.8990 0.4045
vn -0.2395 0.7799 0.5783
vn -0.2997 0.6219 0.7235
vn -0.3450 0.4328 0.8329
vn -0.3731 0.2220 0.9008
vn -0.0329 -0.9982 0.0493
vn -0.5547 -0.0561 0.8302
vn -0.1267 -0.9736 0.1897
vn -0.2433 -0.8990 0.3641
vn -0.3478 -0.7799 0.5205
vn -0.4351 -0.6219 0.6511
vn -0.5008 -0.4328 0.7496
vn -0.5417 -0.2220 0.8107
vn -0.0329 0.9982 0.0493
vn -0.5547 0.0561 0.8302
vn -0.1267 0.9736 0.1897
vn -0.2433 0.8990 0.3641
vn -0.3478 0.7799 0.5205
vn -0.4351 0.6219 0.6511
vn -0.5008 0.4328 0.7496
vn -0.5417 0.2220 0.8107
vn -0.0419 -0.9982 0.0419
vn -0.7060 -0.0561 0.7060
vn -0.1613 -0.9736 0.1613
vn -0.3096 -0.8990 0.3096
vn -0.4426 -0.7799 0.4426
vn -0.5537 -0.6219 0.5537
vn -0.6374 -0.4328 0.6374
vn -0.6895 -0.2220 0.6895
vn -0.0419 0.9982 0.0419
vn -0.7060 0.0561 0.7060
vn -0.1613 0.9736 0.1613
vn -0.3096 0.8990 0.3096
vn -0.4426 0.7799 0.4426
vn -0.5537 0.6219 0.5537
vn -0.6374 0.4328 0.6374
vn -0.6895 0.2220 0.6895
vn -0.0493 -0.9982 0.0329
vn -0.8302 -0.0561 0.5547
vn -0.1897 -0.9736 0.1267
vn -0.3641 -0.8990 0.2433
vn -0.5205 -0.7799 0.3478
vn -0.6511 -0.6219 0.4351
vn -0.7496 -0.4328 0.5008
vn -0.8107 -0.2220 0.5417
vn -0.0493 0.9982 0.0329
vn -0.8302 0.0561 0.5547
vn -0.1897 0.9736 0.1267
vn -0.3641 0.8990 0.2433
vn -0.5205 0.7799 0.3478
vn -0.6511 0.6219 0.4351
vn -0.7496 0.4328 0.5008
vn -0.8107 0.2220 0.5417
vn -0.0548 -0.9982 0.0227
vn -0.9224 -0.0561 0.3821
vn -0.2108 -0.9736 0.0873
vn -0.4045 -0.8990 0.1676
vn -0.5783 -0.7799 0.2395
vn -0.7235 -0.6219 0.2997
vn -0.8329 -0.4328 0.3450
vn -0.9008 -0.2220 0.3731
vn -0.0548 0.9982 0.0227
vn -0.9224 0.0561 0.3821
vn -0.2108 0.9736 0.0873
vn -0.4045 0.8990 0.1676
vn -0.5783 0.7799 0.2395
vn -0.7235 0.6219 0.2997
vn -0.8329 0.4328 0.3450
vn -0.9008 0.2220 0.3731
vn -0.0581 -0.9982 0.0116
vn -0.9792 -0.0561 0.1948
vn -0.2237 -0.9736 0.0445
vn -0.4294 -0.8990 0.0854
vn -0.6139 -0.7799 0.1221
vn -0.7681 -0.6219 0.1528
vn -0.8842 -0.4328 0.1759
vn -0.9563 -0.2220 0.1902
vn -0.0581 0.9982 0.0116
vn -0.9792 0.0561 0.1948
vn -0.2237 0.9736 0.0445
vn -0.4294 0.8990 0.0854
vn -0.6139 0.7799 0.1221
vn -0.7681 0.6219 0.1528
vn -0.8842 0.4328 0.1759
vn -0.9563 0.2220 0.1902
vn -0.0593 -0.9982 -0.0000
vn -0.9984 -0.0561 -0.0000
vn -0.2281 -0.9736 -0.0000
vn -0.4379 -0.8990 -0.0000
vn -0.6259 -0.7799 -0.0000
vn -0.7831 -0.6219 -0.0000
vn -0.9015 -0.4328 -0.0000
vn -0.9750 -0.2220 -0.0000
vn -0.0593 0.9982 -0.0000
vn -0.9984 0.0561 -0.0000
vn -0.2281 0.9736 -0.0000
vn -0.4379 0.8990 -0.0000
vn -0.6259 0.7799 -0.0000
vn -0.7831 0.6219 -0.0000
vn -0.9015 0.4328 -0.0000
vn -0.9750 0.2220 -0.0000
vn -0.0581 -0.9982 -0.0116
vn -0.9792 -0.0561 -0.1948
vn -0.2237 -0.9736 -0.0445
vn -0.4294 -0.8990 -0.0854
vn -0.6139 -0.7799 -0.1221
vn -0.7681 -0.6219 -0.1528
vn -0.8842 -0.4328 -0.1759
vn -0.9563 -0.2220 -0.1902
vn -0.0581 0.9982 -0.0116
vn -0.9792 0.0561 -0.1948
vn -0.2237 0.9736 -0.0445
vn -0.4294 0.8990 -0.0854
vn -0.6139 0.7799 -0.1221
vn -0.7681 0.6219 -0.1528
vn -0.8842 0.4328 -0.1759
vn -0.9563 0.2220 -0.1902
vn -0.0548 -0.9982 -0.0227
vn -0.9224 -0.0561 -0.3821
vn -0.2108 -0.9736 -0.0873
vn -0.4045 -0.8990 -0.1676
vn -0.5783 -0.7799 -0.2395
vn -0.7235 -0.6219 -0.2997
vn -0.8329 -0.4328 -0.3450
vn -0.9008 -0.2220 -0.3731
vn -0.0548 0.9982 -0.0227
vn -0.9224 0.0561 -0.3821
vn -0.2108 0.9736 -0.0873
vn -0.4045 0.8990 -0.1676
vn -0.5783 0.7799 -0.2395
vn -0.7235 0.6219 -0.2997
vn -0.8329 0.4328 -0.3450
vn -0.9008 0.2220 -0.3731
vn -0.0493 -0.9982 -0.0329
vn -0.8302 -0.0561 -0.5547
vn -0.1897 -0.9736 -0.1267
vn -0.3641 -0.8990 -0.2433
vn -0.5205 -0.7799 -0.3478
vn -0.6511 -0.6219 -0.4351
vn -0.7496 -0.4328 -0.5008
vn -0.8107 -0.2220 -0.5417
vn -0.0493 0.9982 -0.0329
vn -0.8302 0.0561 -0.5547
vn -0.1897 0.9736 -0.1267
vn -0.3641 0.8990 -0.2433
vn -0.5205 0.7799 -0.3478
vn -0.6511 0.6219 -0.4351
vn -0.7496 0.4328 -0.5008
vn -0.8107 0.2220 -0.5417
vn -0.0419 -0.9982 -0.0419
vn -0.7060 -0.0561 -0.7060
vn -0.1613 -0.9736 -0.1613
vn -0.3096 -0.8990 -0.3096
vn -0.4426 -0.7799 -0.4426
vn -0.5537 -0.6219 -0.5537
vn -0.6374 -0.4328 -0.6374
vn -0.6895 -0.2220 -0.6895
vn -0.0419 0.9982 -0.0419
vn -0.7060 0.0561 -0.7060
vn -0.1613 0.9736 -0.1613
vn -0.3096 0.8990 -0.3096
vn -0.4426 0.7799 -0.4426
vn -0.5537 0.6219 -0.5537
vn -0.6374 0.4328 -0.6374
vn -0.6895 0.2220 -0.6895
vn -0.0329 -0.9982 -0.0493
vn -0.5547 -0.0561 -0.8302
vn -0.1267 -0.9736 -0.1897
vn -0.2433 -0.8990 -0.3641
vn -0.3478 -0.7799 -0.5205
vn -0.4351 -0.6219 -0.6511
vn -0.5008 -0.4328 -0.7496
vn -0.5417 -0.2220 -0.8107
vn -0.0329 0.9982 -0.0493
vn -0.5547 0.0561 -0.8302
vn -0.1267 0.9736 -0.1897
vn -0.2433 0.8990 -0.3641
vn -0.3478 0.7799 -0.5205
vn -0.4351 0.6219 -0.6511
vn -0.5008 0.4328 -0.7496
vn -0.5417 0.2220 -0.8107
vn -0.0227 -0.9982 -0.0548
vn -0.3821 -0.0561 -0.9224
vn -0.0873 -0.9736 -0.2108
vn -0.1676 -0.8990 -0.4045
vn -0.2395 -0.7799 -0.5783
vn -0.2997 -0.6219 -0.7235
vn -0.3450 -0.4328 -0.8329
vn -0.3731 -0.2220 -0.9008
vn -0.0227 0.9982 -0.0548
vn -0.3821 0.0561 -0.9224
vn -0.0873 0.9736 -0.2108
vn -0.1676 0.8990 -0.4045
vn -0.2395 0.7799 -0.5783
vn -0.2997 0.6219 -0.7235
vn -0.3450 0.4328 -0.8329
vn -0.3731 0.2220 -0.9008
vn -0.0116 -0.9982 -0.0581
vn -0.1948 -0.0561 -0.9792
vn -0.0445 -0.9736 -0.2237
vn -0.0854 -0.8990 -0.4294
vn -0.1221 -0.7799 -0.6139
vn -0.1528 -0.6219 -0.7681
vn -0.1759 -0.4328 -0.8842
vn -0.1902 -0.2220 -0.9563
vn -0.0116 0.9982 -0.0581
vn -0.1948 0.0561 -0.9792
vn -0.0445 0.9736 -0.2237
vn -0.0854 0.8990 -0.4294
vn -0.1221 0.7799 -0.6139
vn -0.1528 0.6219 -0.7681
vn -0.1759 0.4328 -0.8842
vn -0.1902 0.2220 -0.9563
vt 0.390145 0.890586
vt 0.390145 0.876598
vt 0.396376 0.876667
vt 0.396376 0.890517
vt 0.934263 0.893240
vt 0.934263 0.907090
vt 0.928033 0.906888
vt 0.928033 0.893443
vt 0.332716 0.957094
vt 0.332716 0.943649
vt 0.338947 0.943975
vt 0.338947 0.956767
vt 0.276520 0.976394
vt 0.276520 0.963602
vt 0.282750 0.964036
vt 0.282750 0.975960
vt 0.977406 0.525970
vt 0.977406 0.514046
vt 0.983637 0.514566
vt 0.983637 0.525451
vt 0.982716 0.340827
vt 0.982716 0.329942
vt 0.988947 0.330521
vt 0.988947 0.340248
vt 0.587013 0.991668
vt 0.587013 0.981941
vt 0.593243 0.982551
vt 0.593243 0.991058
vt 0.915626 0.201021
vt 0.915626 0.215009
vt 0.909395 0.214940
vt 0.909395 0.201090
vt 0.396376 0.910192
vt 0.396376 0.924042
vt 0.390145 0.923840
vt 0.390145 0.910395
vt 0.962414 0.157795
vt 0.962414 0.144350
vt 0.968644 0.144677
vt 0.968644 0.157469
vt 0.061876 0.963602
vt 0.061876 0.976394
vt 0.055645 0.975960
vt 0.055645 0.964036
vt 0.977406 0.467037
vt 0.977406 0.455113
vt 0.983637 0.455632
vt 0.983637 0.466517
vt 0.988504 0.945051
vt 0.988504 0.955936
vt 0.982273 0.955356
vt 0.982273 0.945630
vt 0.138962 0.991739
vt 0.138962 0.982012
vt 0.145193 0.982622
vt 0.145193 0.991129
vt 0.879465 0.201021
vt 0.879465 0.215009
vt 0.873235 0.214940
vt 0.873235 0.201090
vt 0.375107 0.926989
vt 0.375107 0.940839
vt 0.368877 0.940637
vt 0.368877 0.927192
vt 0.952344 0.959878
vt 0.952344 0.973323
vt 0.946113 0.972997
vt 0.946113 0.960205
vt 0.584203 0.966340
vt 0.584203 0.979132
vt 0.577972 0.978698
vt 0.577972 0.966774
vt 0.350796 0.988081
vt 0.350796 0.976157
vt 0.357027 0.976677
vt 0.357027 0.987562
vt 0.294600 0.990088
vt 0.294600 0.979203
vt 0.300831 0.979782
vt 0.300831 0.989508
vt 0.994019 0.744106
vt 0.994019 0.753833
vt 0.987788 0.753223
vt 0.987788 0.744716
vt 0.108418 0.873735
vt 0.108418 0.887723
vt 0.102187 0.887654
vt 0.102187 0.873804
vt 0.218855 0.926936
vt 0.218855 0.940786
vt 0.212624 0.940583
vt 0.212624 0.927139
vt 0.925223 0.960153
vt 0.925223 0.973598
vt 0.918993 0.973272
vt 0.918993 0.960480
vt 0.950831 0.639996
vt 0.950831 0.652788
vt 0.944600 0.652354
vt 0.944600 0.640429
vt 0.946113 0.988057
vt 0.946113 0.976133
vt 0.952344 0.976652
vt 0.952344 0.987537
vt 0.231319 0.990088
vt 0.231319 0.979203
vt 0.237550 0.979782
vt 0.237550 0.989509
vt 0.694640 0.984101
vt 0.694640 0.993828
vt 0.688410 0.993218
vt 0.688410 0.984711
vt 0.898103 0.910174
vt 0.898103 0.924162
vt 0.891872 0.924093
vt 0.891872 0.910243
vt 0.889063 0.943631
vt 0.889063 0.957481
vt 0.882832 0.957279
vt 0.882832 0.943834
vt 0.970424 0.909494
vt 0.970424 0.922939
vt 0.964193 0.922612
vt 0.964193 0.909821
vt 0.777957 0.966446
vt 0.777957 0.979238
vt 0.771726 0.978804
vt 0.771726 0.966880
vt 0.978748 0.711830
vt 0.978748 0.699906
vt 0.984979 0.700426
vt 0.984979 0.711311
vt 0.222279 0.990088
vt 0.222279 0.979203
vt 0.228510 0.979782
vt 0.228510 0.989509
vt 0.475082 0.993828
vt 0.475082 0.984101
vt 0.481313 0.984711
vt 0.481313 0.993218
vt 0.357027 0.876598
vt 0.357027 0.890586
vt 0.350796 0.890517
vt 0.350796 0.876667
vt 0.934263 0.910037
vt 0.934263 0.923887
vt 0.928033 0.923685
vt 0.928033 0.910240
vt 0.976729 0.583325
vt 0.976729 0.596770
vt 0.970499 0.596443
vt 0.970499 0.583651
vt 0.151667 0.966411
vt 0.151667 0.979203
vt 0.145436 0.978769
vt 0.145436 0.966845
vt 0.964193 0.986435
vt 0.964193 0.974511
vt 0.970424 0.975031
vt 0.970424 0.985915
vt 0.064686 0.990088
vt 0.064686 0.979203
vt 0.070916 0.979782
vt 0.070916 0.989509
vt 0.993632 0.001405
vt 0.993632 0.011131
vt 0.987402 0.010521
vt 0.987402 0.002014
vt 0.882832 0.907365
vt 0.882832 0.893377
vt 0.889063 0.893446
vt 0.889063 0.907296
vt 0.399185 0.940702
vt 0.399185 0.926852
vt 0.405416 0.927054
vt 0.405416 0.940499
vt 0.864752 0.973736
vt 0.864752 0.960291
vt 0.870982 0.960617
vt 0.870982 0.973409
vt 0.755177 0.976323
vt 0.755177 0.963531
vt 0.761408 0.963965
vt 0.761408 0.975889
vt 0.978748 0.770764
vt 0.978748 0.758840
vt 0.984979 0.759359
vt 0.984979 0.770244
vt 0.982716 0.395604
vt 0.982716 0.384719
vt 0.988947 0.385298
vt 0.988947 0.395024
vt 0.203341 0.982012
vt 0.203341 0.991739
vt 0.197110 0.991129
vt 0.197110 0.982622
vt 0.347987 0.910192
vt 0.347987 0.924180
vt 0.341756 0.924111
vt 0.341756 0.910261
vt 0.429744 0.943511
vt 0.429744 0.957362
vt 0.423514 0.957159
vt 0.423514 0.943714
vt 0.968644 0.160605
vt 0.968644 0.174049
vt 0.962414 0.173723
vt 0.962414 0.160931
vt 0.625554 0.966340
vt 0.625554 0.979132
vt 0.619323 0.978698
vt 0.619323 0.966774
vt 0.329292 0.973700
vt 0.329292 0.985624
vt 0.323061 0.985105
vt 0.323061 0.974220
vt 0.982273 0.901159
vt 0.982273 0.890274
vt 0.988504 0.890854
vt 0.988504 0.900580
vt 0.987402 0.097334
vt 0.987402 0.087607
vt 0.993632 0.088217
vt 0.993632 0.096724
vt 0.357027 0.910192
vt 0.357027 0.924180
vt 0.350796 0.924111
vt 0.350796 0.910261
vt 0.657865 0.943524
vt 0.657865 0.957375
vt 0.651634 0.957172
vt 0.651634 0.943727
vt 0.968644 0.176859
vt 0.968644 0.190304
vt 0.962414 0.189977
vt 0.962414 0.177185
vt 0.641068 0.966340
vt 0.641068 0.979132
vt 0.634837 0.978698
vt 0.634837 0.966774
vt 0.978748 0.829697
vt 0.978748 0.817773
vt 0.984979 0.818293
vt 0.984979 0.829178
vt 0.988947 0.233199
vt 0.988947 0.244084
vt 0.982716 0.243505
vt 0.982716 0.233778
vt 0.986446 0.532151
vt 0.986446 0.522425
vt 0.992677 0.523035
vt 0.992677 0.531541
vt 0.891872 0.907365
vt 0.891872 0.893377
vt 0.898103 0.893446
vt 0.898103 0.907296
vt 0.408225 0.940702
vt 0.408225 0.926852
vt 0.414456 0.927054
vt 0.414456 0.940499
vt 0.855712 0.973736
vt 0.855712 0.960291
vt 0.861942 0.960617
vt 0.861942 0.973409
vt 0.001405 0.976394
vt 0.001405 0.963602
vt 0.007635 0.964036
vt 0.007635 0.975960
vt 0.978361 0.101729
vt 0.978361 0.089805
vt 0.984592 0.090325
vt 0.984592 0.101209
vt 0.891872 0.987430
vt 0.891872 0.976545
vt 0.898103 0.977124
vt 0.898103 0.986851
vt 0.575163 0.981941
vt 0.575163 0.991668
vt 0.568932 0.991058
vt 0.568932 0.982551
vt 0.357027 0.893395
vt 0.357027 0.907383
vt 0.350796 0.907314
vt 0.350796 0.893464
vt 0.925223 0.943494
vt 0.925223 0.957344
vt 0.918993 0.957141
vt 0.918993 0.943696
vt 0.954596 0.214466
vt 0.954596 0.201021
vt 0.960827 0.201347
vt 0.960827 0.214139
vt 0.070916 0.963602
vt 0.070916 0.976394
vt 0.064686 0.975960
vt 0.064686 0.964036
vt 0.980494 0.123766
vt 0.980494 0.111842
vt 0.986725 0.112361
vt 0.986725 0.123246
vt 0.028525 0.990088
vt 0.028525 0.979203
vt 0.034756 0.979782
vt 0.034756 0.989509
vt 0.993632 0.013940
vt 0.993632 0.023667
vt 0.987402 0.023057
vt 0.987402 0.014550
vt 0.916183 0.876580
vt 0.916183 0.890568
vt 0.909952 0.890499
vt 0.909952 0.876649
vt 0.946113 0.890431
vt 0.946113 0.876580
vt 0.952344 0.876783
vt 0.952344 0.890228
vt 0.338947 0.959903
vt 0.338947 0.973348
vt 0.332716 0.973021
vt 0.332716 0.960229
vt 0.814360 0.979238
vt 0.814360 0.966447
vt 0.820591 0.966880
vt 0.820591 0.978804
vt 0.985769 0.598058
vt 0.985769 0.609982
vt 0.979539 0.609463
vt 0.979539 0.598578
vt 0.755177 0.990017
vt 0.755177 0.979132
vt 0.761408 0.979711
vt 0.761408 0.989438
vt 0.987402 0.067867
vt 0.987402 0.058140
vt 0.993632 0.058750
vt 0.993632 0.067257
vt 0.410988 0.876598
vt 0.410988 0.890586
vt 0.404757 0.890517
vt 0.404757 0.876667
vt 0.946113 0.907090
vt 0.946113 0.893240
vt 0.952344 0.893443
vt 0.952344 0.906887
vt 0.916183 0.960291
vt 0.916183 0.973736
vt 0.909952 0.973409
vt 0.909952 0.960617
vt 0.550852 0.979132
vt 0.550852 0.966340
vt 0.557083 0.966774
vt 0.557083 0.978698
vt 0.925223 0.976407
vt 0.925223 0.988331
vt 0.918993 0.987812
vt 0.918993 0.976927
vt 0.240359 0.990088
vt 0.240359 0.979203
vt 0.246590 0.979782
vt 0.246590 0.989509
vt 0.703680 0.984101
vt 0.703681 0.993828
vt 0.697450 0.993218
vt 0.697450 0.984711
vt 0.873792 0.924162
vt 0.873792 0.910174
vt 0.880023 0.910243
vt 0.880023 0.924093
vt 0.946113 0.923750
vt 0.946113 0.909899
vt 0.952344 0.910102
vt 0.952344 0.923547
vt 0.718774 0.963531
vt 0.718774 0.976976
vt 0.712543 0.976649
vt 0.712543 0.963857
vt 0.979464 0.876580
vt 0.979464 0.889372
vt 0.973233 0.888938
vt 0.973233 0.877014
vt 0.423496 0.976425
vt 0.423496 0.988349
vt 0.417265 0.987830
vt 0.417265 0.976945
vt 0.303640 0.990088
vt 0.303640 0.979203
vt 0.309871 0.979782
vt 0.309871 0.989508
vt 0.994019 0.758840
vt 0.994019 0.768566
vt 0.987788 0.767956
vt 0.987788 0.759449
vt 0.900912 0.907365
vt 0.900912 0.893377
vt 0.907143 0.893446
vt 0.907143 0.907296
vt 0.861942 0.926971
vt 0.861942 0.940822
vt 0.855712 0.940619
vt 0.855712 0.927174
vt 0.955153 0.890025
vt 0.955153 0.876580
vt 0.961384 0.876907
vt 0.961384 0.889699
vt 0.878510 0.639996
vt 0.878510 0.652788
vt 0.872279 0.652354
vt 0.872279 0.640429
vt 0.977406 0.481770
vt 0.977406 0.469846
vt 0.983637 0.470366
vt 0.983637 0.481250
vt 0.988504 0.903968
vt 0.988504 0.914853
vt 0.982273 0.914274
vt 0.982273 0.904548
vt 0.148002 0.991739
vt 0.148002 0.982012
vt 0.154233 0.982622
vt 0.154233 0.991129
vt 0.413797 0.890586
vt 0.413797 0.876598
vt 0.420028 0.876667
vt 0.420028 0.890517
vt 0.927475 0.214871
vt 0.927475 0.201021
vt 0.933706 0.201224
vt 0.933706 0.214669
vt 0.350796 0.957094
vt 0.350796 0.943649
vt 0.357027 0.943975
vt 0.357027 0.956767
vt 0.289467 0.976394
vt 0.289467 0.963602
vt 0.295698 0.964036
vt 0.295698 0.975960
vt 0.977406 0.540704
vt 0.977406 0.528780
vt 0.983637 0.529299
vt 0.983637 0.540184
vt 0.982273 0.969630
vt 0.982273 0.958745
vt 0.988504 0.959324
vt 0.988504 0.969050
vt 0.610283 0.991668
vt 0.610283 0.981941
vt 0.616514 0.982551
vt 0.616514 0.991058
vt 0.916183 0.893377
vt 0.916183 0.907365
vt 0.909952 0.907296
vt 0.909952 0.893446
vt 0.405416 0.910192
vt 0.405416 0.924042
vt 0.399185 0.923840
vt 0.399185 0.910395
vt 0.955153 0.906685
vt 0.955153 0.893240
vt 0.961384 0.893566
vt 0.961384 0.906358
vt 0.914671 0.639996
vt 0.914671 0.652788
vt 0.908440 0.652354
vt 0.908440 0.640430
vt 0.984592 0.030871
vt 0.984592 0.042795
vt 0.978361 0.042276
vt 0.978361 0.031391
vt 0.978748 0.872858
vt 0.978748 0.861973
vt 0.984979 0.862553
vt 0.984979 0.872279
vt 0.637404 0.991668
vt 0.637404 0.981941
vt 0.643635 0.982551
vt 0.643635 0.991058
vt 0.855712 0.907365
vt 0.855712 0.893377
vt 0.861942 0.893446
vt 0.861942 0.907296
vt 0.864752 0.940822
vt 0.864752 0.926971
vt 0.870982 0.927174
vt 0.870982 0.940619
vt 0.961458 0.645533
vt 0.961458 0.632088
vt 0.967689 0.632414
vt 0.967689 0.645206
vt 0.881319 0.652788
vt 0.881319 0.639996
vt 0.887550 0.640430
vt 0.887550 0.652354
vt 0.973233 0.953927
vt 0.973233 0.942003
vt 0.979464 0.942522
vt 0.979464 0.953407
vt 0.982273 0.983324
vt 0.982273 0.972439
vt 0.988504 0.973018
vt 0.988504 0.982745
vt 0.596053 0.991668
vt 0.596053 0.981941
vt 0.602283 0.982551
vt 0.602283 0.991058
vt 0.889063 0.910174
vt 0.889063 0.924162
vt 0.882832 0.924093
vt 0.882832 0.910243
vt 0.952344 0.926559
vt 0.952344 0.940409
vt 0.946113 0.940207
vt 0.946113 0.926762
vt 0.721583 0.976976
vt 0.721583 0.963531
vt 0.727814 0.963857
vt 0.727814 0.976649
vt 0.973233 0.904973
vt 0.973233 0.892181
vt 0.979464 0.892615
vt 0.979464 0.904539
vt 0.426305 0.988349
vt 0.426305 0.976425
vt 0.432536 0.976945
vt 0.432536 0.987830
vt 0.992677 0.455113
vt 0.992677 0.465997
vt 0.986446 0.465418
vt 0.986446 0.455692
vt 0.987788 0.694899
vt 0.987788 0.685173
vt 0.994019 0.685783
vt 0.994019 0.694289
vt 0.423514 0.890586
vt 0.423514 0.876598
vt 0.429744 0.876667
vt 0.429744 0.890517
vt 0.102187 0.954637
vt 0.102187 0.940786
vt 0.108418 0.940989
vt 0.108418 0.954434
vt 0.900912 0.973736
vt 0.900912 0.960291
vt 0.907143 0.960617
vt 0.907143 0.973409
vt 0.162233 0.979203
vt 0.162233 0.966411
vt 0.168464 0.966845
vt 0.168464 0.978769
vt 0.399185 0.988349
vt 0.399185 0.976425
vt 0.405416 0.976945
vt 0.405416 0.987830
vt 0.312680 0.990088
vt 0.312680 0.979203
vt 0.318911 0.979782
vt 0.318911 0.989508
vt 0.534878 0.993828
vt 0.534878 0.984102
vt 0.541108 0.984711
vt 0.541108 0.993218
vt 0.897546 0.201021
vt 0.897546 0.215009
vt 0.891315 0.214940
vt 0.891315 0.201090
vt 0.864752 0.957481
vt 0.864752 0.943631
vt 0.870983 0.943834
vt 0.870983 0.957279
vt 0.967689 0.599579
vt 0.967689 0.613024
vt 0.961458 0.612698
vt 0.961458 0.599906
vt 0.829631 0.966447
vt 0.829631 0.979238
vt 0.823401 0.978805
vt 0.823401 0.966880
vt 0.985769 0.550816
vt 0.985769 0.562741
vt 0.979539 0.562221
vt 0.979539 0.551336
vt 0.007635 0.979203
vt 0.007635 0.990088
vt 0.001405 0.989509
vt 0.001405 0.979782
vt 0.816927 0.991774
vt 0.816927 0.982048
vt 0.823158 0.982658
vt 0.823158 0.991164
vt 0.359836 0.907383
vt 0.359836 0.893395
vt 0.366067 0.893464
vt 0.366067 0.907314
vt 0.390145 0.957362
vt 0.390145 0.943511
vt 0.396376 0.943714
vt 0.396376 0.957159
vt 0.961384 0.909494
vt 0.961384 0.922939
vt 0.955153 0.922613
vt 0.955153 0.909821
vt 0.079956 0.963602
vt 0.079956 0.976394
vt 0.073726 0.975960
vt 0.073726 0.964036
vt 0.986725 0.127443
vt 0.986725 0.139367
vt 0.980494 0.138847
vt 0.980494 0.127963
vt 0.046605 0.990088
vt 0.046605 0.979203
vt 0.052836 0.979782
vt 0.052836 0.989509
vt 0.484122 0.993828
vt 0.484122 0.984102
vt 0.490353 0.984711
vt 0.490353 0.993218
vt 0.873792 0.890568
vt 0.873792 0.876580
vt 0.880023 0.876649
vt 0.880023 0.890499
vt 0.332716 0.940839
vt 0.332716 0.926989
vt 0.338947 0.927192
vt 0.338947 0.940637
vt 0.341756 0.973348
vt 0.341756 0.959903
vt 0.347987 0.960229
vt 0.347987 0.973021
vt 0.010445 0.976394
vt 0.010445 0.963602
vt 0.016676 0.964036
vt 0.016676 0.975960
vt 0.984979 0.655706
vt 0.984979 0.667630
vt 0.978748 0.667110
vt 0.978748 0.656226
vt 0.916183 0.976545
vt 0.916183 0.987430
vt 0.909952 0.986851
vt 0.909952 0.977124
vt 0.181353 0.982012
vt 0.181354 0.991739
vt 0.175123 0.991129
vt 0.175123 0.982622
vt 0.390145 0.907383
vt 0.390145 0.893395
vt 0.396376 0.893464
vt 0.396376 0.907314
vt 0.377917 0.940839
vt 0.377917 0.926989
vt 0.384147 0.927192
vt 0.384147 0.940637
vt 0.882832 0.973736
vt 0.882832 0.960291
vt 0.889063 0.960617
vt 0.889063 0.973409
vt 0.559892 0.979132
vt 0.559892 0.966340
vt 0.566123 0.966774
vt 0.566123 0.978698
vt 0.984979 0.832507
vt 0.984979 0.844431
vt 0.978748 0.843911
vt 0.978748 0.833026
vt 0.982716 0.257778
vt 0.982716 0.246893
vt 0.988947 0.247473
vt 0.988947 0.257199
vt 0.798847 0.991774
vt 0.798847 0.982048
vt 0.805077 0.982658
vt 0.805077 0.991164
vt 0.405416 0.893395
vt 0.405416 0.907383
vt 0.399185 0.907314
vt 0.399185 0.893464
vt 0.942746 0.201021
vt 0.942746 0.214871
vt 0.936515 0.214669
vt 0.936515 0.201224
vt 0.323061 0.970891
vt 0.323061 0.957446
vt 0.329292 0.957772
vt 0.329292 0.970564
vt 0.971454 0.189651
vt 0.971454 0.176859
vt 0.977685 0.177293
vt 0.977685 0.189217
vt 0.978748 0.859164
vt 0.978748 0.847240
vt 0.984979 0.847760
vt 0.984979 0.858644
vt 0.988947 0.260588
vt 0.988947 0.271472
vt 0.982716 0.270893
vt 0.982716 0.261167
vt 0.455686 0.984101
vt 0.455686 0.993828
vt 0.449455 0.993218
vt 0.449455 0.984711
vt 0.889063 0.876580
vt 0.889063 0.890568
vt 0.882832 0.890499
vt 0.882832 0.876649
vt 0.347987 0.926989
vt 0.347987 0.940839
vt 0.341756 0.940637
vt 0.341756 0.927192
vt 0.357027 0.959903
vt 0.357027 0.973348
vt 0.350796 0.973021
vt 0.350796 0.960229
vt 0.025716 0.963602
vt 0.025716 0.976394
vt 0.019485 0.975960
vt 0.019485 0.964036
vt 0.978748 0.682364
vt 0.978748 0.670439
vt 0.984979 0.670959
vt 0.984979 0.681844
vt 0.900912 0.987430
vt 0.900912 0.976545
vt 0.907143 0.977124
vt 0.907143 0.986851
vt 0.780766 0.991774
vt 0.780766 0.982048
vt 0.786997 0.982658
vt 0.786997 0.991164
vt 0.375509 0.893395
vt 0.375509 0.907383
vt 0.369278 0.907314
vt 0.369278 0.893464
vt 0.405416 0.943511
vt 0.405416 0.957362
vt 0.399185 0.957159
vt 0.399185 0.943714
vt 0.955153 0.939193
vt 0.955153 0.925748
vt 0.961384 0.926075
vt 0.961384 0.938867
vt 0.091621 0.963602
vt 0.091621 0.976394
vt 0.085390 0.975960
vt 0.085390 0.964036
vt 0.980494 0.154968
vt 0.980494 0.143044
vt 0.986725 0.143564
vt 0.986725 0.154449
vt 0.037565 0.990088
vt 0.037565 0.979203
vt 0.043796 0.979782
vt 0.043796 0.989509
vt 0.499393 0.984101
vt 0.499393 0.993828
vt 0.493162 0.993218
vt 0.493162 0.984711
vt 0.108418 0.907329
vt 0.108418 0.921317
vt 0.102187 0.921249
vt 0.102187 0.907398
vt 0.323061 0.954636
vt 0.323061 0.940786
vt 0.329292 0.940989
vt 0.329292 0.954434
vt 0.366067 0.959903
vt 0.366067 0.973348
vt 0.359836 0.973021
vt 0.359836 0.960229
vt 0.832441 0.979238
vt 0.832441 0.966447
vt 0.838672 0.966880
vt 0.838672 0.978804
vt 0.985769 0.612792
vt 0.985769 0.624716
vt 0.979539 0.624196
vt 0.979539 0.613311
vt 0.010445 0.990088
vt 0.010445 0.979203
vt 0.016676 0.979782
vt 0.016676 0.989509
vt 0.832441 0.991774
vt 0.832441 0.982048
vt 0.838672 0.982658
vt 0.838672 0.991164
vt 0.898103 0.876580
vt 0.898103 0.890568
vt 0.891872 0.890499
vt 0.891872 0.876649
vt 0.102187 0.937977
vt 0.102187 0.924127
vt 0.108418 0.924329
vt 0.108418 0.937774
vt 0.976729 0.550816
vt 0.976729 0.564261
vt 0.970498 0.563935
vt 0.970498 0.551143
vt 0.306264 0.976394
vt 0.306264 0.963602
vt 0.312495 0.964036
vt 0.312495 0.975960
vt 0.396376 0.976425
vt 0.396376 0.988349
vt 0.390145 0.987830
vt 0.390145 0.976945
vt 0.727814 0.979785
vt 0.727814 0.990670
vt 0.721583 0.990090
vt 0.721583 0.980364
vt 0.667520 0.984102
vt 0.667520 0.993828
vt 0.661289 0.993218
vt 0.661289 0.984711
vt 0.102187 0.904520
vt 0.102187 0.890532
vt 0.108418 0.890601
vt 0.108418 0.904451
vt 0.937073 0.957069
vt 0.937073 0.943219
vt 0.943304 0.943421
vt 0.943304 0.956866
vt 0.736854 0.963531
vt 0.736854 0.976976
vt 0.730623 0.976649
vt 0.730623 0.963857
vt 0.979464 0.909494
vt 0.979464 0.922286
vt 0.973233 0.921852
vt 0.973233 0.909928
vt 0.657865 0.976438
vt 0.657865 0.988362
vt 0.651634 0.987843
vt 0.651634 0.976958
vt 0.986446 0.479692
vt 0.986446 0.468807
vt 0.992677 0.469386
vt 0.992677 0.479112
vt 0.994019 0.699906
vt 0.994019 0.709632
vt 0.987788 0.709023
vt 0.987788 0.700516
vt 0.864752 0.907365
vt 0.864752 0.893377
vt 0.870983 0.893446
vt 0.870983 0.907296
vt 0.880023 0.926971
vt 0.880023 0.940822
vt 0.873792 0.940619
vt 0.873792 0.927174
vt 0.968644 0.111842
vt 0.968644 0.125287
vt 0.962414 0.124960
vt 0.962414 0.112168
vt 0.896590 0.639996
vt 0.896590 0.652788
vt 0.890359 0.652354
vt 0.890359 0.640429
vt 0.979464 0.956736
vt 0.979464 0.968660
vt 0.973233 0.968140
vt 0.973233 0.957256
vt 0.982716 0.312555
vt 0.982716 0.301670
vt 0.988947 0.302249
vt 0.988947 0.311976
vt 0.985769 0.642258
vt 0.985769 0.651985
vt 0.979539 0.651375
vt 0.979539 0.642868
vt 0.323061 0.921317
vt 0.323061 0.907329
vt 0.329292 0.907398
vt 0.329292 0.921248
vt 0.408225 0.924042
vt 0.408225 0.910192
vt 0.414456 0.910395
vt 0.414456 0.923840
vt 0.955153 0.955447
vt 0.955153 0.942003
vt 0.961384 0.942329
vt 0.961384 0.955121
vt 0.923711 0.639996
vt 0.923711 0.652788
vt 0.917480 0.652354
vt 0.917480 0.640429
vt 0.978361 0.057529
vt 0.978361 0.045605
vt 0.984592 0.046124
vt 0.984592 0.057009
vt 0.870982 0.976545
vt 0.870982 0.987430
vt 0.864752 0.986851
vt 0.864752 0.977124
vt 0.111842 0.991739
vt 0.111842 0.982012
vt 0.118073 0.982622
vt 0.118073 0.991129
vt 0.323061 0.904520
vt 0.323061 0.890532
vt 0.329292 0.890601
vt 0.329292 0.904451
vt 0.946113 0.957069
vt 0.946113 0.943219
vt 0.952344 0.943421
vt 0.952344 0.956866
vt 0.375107 0.943649
vt 0.375107 0.957094
vt 0.368877 0.956767
vt 0.368877 0.943975
vt 0.977685 0.111842
vt 0.977685 0.124634
vt 0.971454 0.124200
vt 0.971454 0.112276
vt 0.984592 0.001405
vt 0.984592 0.013329
vt 0.978361 0.012809
vt 0.978361 0.001924
vt 0.988947 0.343636
vt 0.988947 0.354521
vt 0.982716 0.353942
vt 0.982716 0.344216
vt 0.619323 0.991668
vt 0.619323 0.981941
vt 0.625554 0.982551
vt 0.625554 0.991058
vt 0.359836 0.924180
vt 0.359836 0.910192
vt 0.366067 0.910261
vt 0.366067 0.924111
vt 0.882832 0.940822
vt 0.882832 0.926971
vt 0.889063 0.927174
vt 0.889063 0.940619
vt 0.963636 0.214466
vt 0.963636 0.201021
vt 0.969867 0.201347
vt 0.969867 0.214139
vt 0.899400 0.652788
vt 0.899400 0.639996
vt 0.905630 0.640430
vt 0.905630 0.652354
vt 0.977406 0.496504
vt 0.977406 0.484579
vt 0.983637 0.485099
vt 0.983637 0.495984
vt 0.873792 0.987430
vt 0.873792 0.976545
vt 0.880023 0.977124
vt 0.880023 0.986851
vt 0.163273 0.982012
vt 0.163273 0.991739
vt 0.157042 0.991129
vt 0.157042 0.982622
vt 0.906586 0.201021
vt 0.906586 0.215009
vt 0.900355 0.214940
vt 0.900355 0.201090
vt 0.934264 0.943356
vt 0.934264 0.957206
vt 0.928033 0.957004
vt 0.928033 0.943559
vt 0.746137 0.976976
vt 0.746137 0.963531
vt 0.752368 0.963857
vt 0.752368 0.976649
vt 0.973233 0.938540
vt 0.973233 0.925748
vt 0.979464 0.926182
vt 0.979464 0.938106
vt 0.212624 0.988433
vt 0.212624 0.976509
vt 0.218855 0.977029
vt 0.218855 0.987914
vt 0.712543 0.990670
vt 0.712543 0.979785
vt 0.718774 0.980364
vt 0.718774 0.990090
vt 0.987788 0.783299
vt 0.987788 0.773573
vt 0.994019 0.774183
vt 0.994019 0.782690
vt 0.900912 0.890568
vt 0.900912 0.876580
vt 0.907143 0.876649
vt 0.907143 0.890499
vt 0.323061 0.937977
vt 0.323061 0.924127
vt 0.329292 0.924329
vt 0.329292 0.937774
vt 0.970498 0.580516
vt 0.970498 0.567071
vt 0.976729 0.567397
vt 0.976729 0.580189
vt 0.111842 0.979203
vt 0.111842 0.966411
vt 0.118073 0.966845
vt 0.118073 0.978769
vt 0.408225 0.988349
vt 0.408225 0.976425
vt 0.414456 0.976945
vt 0.414456 0.987830
vt 0.255630 0.979203
vt 0.255630 0.990088
vt 0.249399 0.989509
vt 0.249399 0.979782
vt 0.987788 0.665432
vt 0.987788 0.655706
vt 0.994019 0.656316
vt 0.994019 0.664823
vt 0.657865 0.893271
vt 0.657865 0.907258
vt 0.651634 0.907190
vt 0.651634 0.893339
vt 0.873792 0.957481
vt 0.873792 0.943631
vt 0.880023 0.943834
vt 0.880023 0.957279
vt 0.967689 0.615833
vt 0.967689 0.629278
vt 0.961458 0.628952
vt 0.961458 0.616160
vt 0.847712 0.966447
vt 0.847712 0.979238
vt 0.841481 0.978805
vt 0.841481 0.966880
vt 0.985769 0.567071
vt 0.985769 0.578995
vt 0.979539 0.578475
vt 0.979539 0.567590
vt 0.025716 0.979203
vt 0.025716 0.990088
vt 0.019485 0.989509
vt 0.019485 0.979782
vt 0.508433 0.984101
vt 0.508433 0.993828
vt 0.502202 0.993218
vt 0.502202 0.984711
vt 0.381105 0.907383
vt 0.381105 0.893395
vt 0.387335 0.893464
vt 0.387335 0.907314
vt 0.408225 0.957362
vt 0.408225 0.943511
vt 0.414456 0.943714
vt 0.414456 0.957159
vt 0.967689 0.550816
vt 0.967689 0.564261
vt 0.961458 0.563935
vt 0.961458 0.551143
vt 0.228510 0.963602
vt 0.228510 0.976394
vt 0.222279 0.975960
vt 0.222279 0.964036
vt 0.986725 0.160605
vt 0.986725 0.172529
vt 0.980494 0.172009
vt 0.980494 0.161124
vt 0.055645 0.990088
vt 0.055645 0.979203
vt 0.061876 0.979782
vt 0.061876 0.989509
vt 0.993632 0.030871
vt 0.993632 0.040598
vt 0.987402 0.039988
vt 0.987402 0.031481
vt 0.338947 0.893395
vt 0.338947 0.907383
vt 0.332716 0.907314
vt 0.332716 0.893464
vt 0.429744 0.926852
vt 0.429744 0.940702
vt 0.423514 0.940499
vt 0.423514 0.927054
vt 0.880023 0.960291
vt 0.880023 0.973736
vt 0.873792 0.973409
vt 0.873792 0.960617
vt 0.231319 0.976394
vt 0.231319 0.963602
vt 0.237550 0.964036
vt 0.237550 0.975960
vt 0.984979 0.685173
vt 0.984979 0.697097
vt 0.978748 0.696577
vt 0.978748 0.685692
vt 0.988504 0.876580
vt 0.988504 0.887465
vt 0.982273 0.886886
vt 0.982273 0.877159
vt 0.771726 0.991774
vt 0.771726 0.982048
vt 0.777957 0.982658
vt 0.777957 0.991164
vt 0.368876 0.924180
vt 0.368876 0.910192
vt 0.375107 0.910261
vt 0.375107 0.924111
vt 0.212624 0.957446
vt 0.212624 0.943595
vt 0.218855 0.943798
vt 0.218855 0.957243
vt 0.964193 0.890025
vt 0.964193 0.876580
vt 0.970424 0.876907
vt 0.970424 0.889699
vt 0.120882 0.979203
vt 0.120882 0.966411
vt 0.127113 0.966845
vt 0.127113 0.978769
vt 0.108418 0.973700
vt 0.108418 0.985624
vt 0.102187 0.985105
vt 0.102187 0.974220
vt 0.982716 0.285167
vt 0.982716 0.274282
vt 0.988947 0.274861
vt 0.988947 0.284587
vt 0.440415 0.993828
vt 0.440415 0.984102
vt 0.446646 0.984711
vt 0.446646 0.993218
vt 0.378318 0.924180
vt 0.378318 0.910192
vt 0.384549 0.910261
vt 0.384549 0.924111
vt 0.855712 0.957481
vt 0.855712 0.943631
vt 0.861942 0.943834
vt 0.861942 0.957279
vt 0.964193 0.906685
vt 0.964193 0.893240
vt 0.970424 0.893566
vt 0.970424 0.906358
vt 0.129922 0.979203
vt 0.129922 0.966411
vt 0.136153 0.966845
vt 0.136153 0.978769
vt 0.985769 0.627525
vt 0.985769 0.639449
vt 0.979539 0.638929
vt 0.979539 0.628045
vt 0.982716 0.368215
vt 0.982716 0.357330
vt 0.988947 0.357910
vt 0.988947 0.367636
vt 0.986446 0.544687
vt 0.986446 0.534960
vt 0.992677 0.535570
vt 0.992677 0.544077
vt 0.347987 0.893395
vt 0.347987 0.907383
vt 0.341756 0.907314
vt 0.341756 0.893464
vt 0.657865 0.926865
vt 0.657865 0.940715
vt 0.651634 0.940512
vt 0.651634 0.927068
vt 0.898103 0.960291
vt 0.898103 0.973736
vt 0.891872 0.973409
vt 0.891872 0.960617
vt 0.240359 0.976394
vt 0.240359 0.963602
vt 0.246590 0.964036
vt 0.246590 0.975960
vt 0.984979 0.773573
vt 0.984979 0.785497
vt 0.978748 0.784978
vt 0.978748 0.774093
vt 0.988947 0.398413
vt 0.988947 0.409298
vt 0.982716 0.408718
vt 0.982716 0.398992
vt 0.584203 0.981941
vt 0.584203 0.991668
vt 0.577972 0.991058
vt 0.577972 0.982551
vt 0.359836 0.890586
vt 0.359836 0.876598
vt 0.366067 0.876667
vt 0.366067 0.890517
vt 0.928033 0.940547
vt 0.928033 0.926697
vt 0.934264 0.926899
vt 0.934264 0.940344
vt 0.970498 0.613024
vt 0.970498 0.599579
vt 0.976729 0.599906
vt 0.976729 0.612698
vt 0.179030 0.979203
vt 0.179030 0.966411
vt 0.185261 0.966845
vt 0.185261 0.978769
vt 0.980494 0.188783
vt 0.980494 0.176859
vt 0.986725 0.177378
vt 0.986725 0.188263
vt 0.073726 0.990088
vt 0.073726 0.979203
vt 0.079956 0.979782
vt 0.079956 0.989509
vt 0.993632 0.045605
vt 0.993632 0.055331
vt 0.987402 0.054721
vt 0.987402 0.046215
vt 0.900912 0.924162
vt 0.900912 0.910174
vt 0.907143 0.910243
vt 0.907143 0.924093
vt 0.891872 0.957481
vt 0.891872 0.943631
vt 0.898103 0.943834
vt 0.898103 0.957279
vt 0.964193 0.939193
vt 0.964193 0.925748
vt 0.970424 0.926075
vt 0.970424 0.938867
vt 0.780766 0.979238
vt 0.780766 0.966447
vt 0.786997 0.966880
vt 0.786997 0.978805
vt 0.984979 0.714640
vt 0.984979 0.726564
vt 0.978748 0.726044
vt 0.978748 0.715159
vt 0.258439 0.990088
vt 0.258439 0.979203
vt 0.264670 0.979782
vt 0.264670 0.989509
vt 0.987402 0.084798
vt 0.987402 0.075072
vt 0.993632 0.075681
vt 0.993632 0.084188
vt 0.323061 0.887723
vt 0.323061 0.873735
vt 0.329292 0.873804
vt 0.329292 0.887654
vt 0.891872 0.940822
vt 0.891872 0.926971
vt 0.898103 0.927174
vt 0.898103 0.940619
vt 0.390145 0.973616
vt 0.390145 0.960171
vt 0.396376 0.960497
vt 0.396376 0.973289
vt 0.971454 0.155836
vt 0.971454 0.143044
vt 0.977685 0.143478
vt 0.977685 0.155402
vt 0.338947 0.976157
vt 0.338947 0.988081
vt 0.332716 0.987562
vt 0.332716 0.976677
vt 0.273710 0.979203
vt 0.273710 0.990088
vt 0.267480 0.989509
vt 0.267480 0.979782
vt 0.987788 0.677968
vt 0.987788 0.668242
vt 0.994019 0.668851
vt 0.994019 0.677358
vt 0.882275 0.215009
vt 0.882275 0.201021
vt 0.888505 0.201090
vt 0.888505 0.214940
vt 0.937073 0.890431
vt 0.937073 0.876580
vt 0.943304 0.876783
vt 0.943304 0.890228
vt 0.423514 0.973616
vt 0.423514 0.960171
vt 0.429744 0.960497
vt 0.429744 0.973289
vt 0.587013 0.979132
vt 0.587013 0.966340
vt 0.593243 0.966774
vt 0.593243 0.978698
vt 0.375107 0.976157
vt 0.375107 0.988081
vt 0.368877 0.987562
vt 0.368877 0.976677
vt 0.730623 0.990670
vt 0.730623 0.979785
vt 0.736854 0.980364
vt 0.736854 0.990090
vt 0.987788 0.798033
vt 0.987788 0.788306
vt 0.994019 0.788916
vt 0.994019 0.797423
vt 0.651634 0.924055
vt 0.651634 0.910068
vt 0.657865 0.910136
vt 0.657865 0.923987
vt 0.423514 0.924042
vt 0.423514 0.910192
vt 0.429744 0.910395
vt 0.429744 0.923840
vt 0.955153 0.971702
vt 0.955153 0.958257
vt 0.961384 0.958583
vt 0.961384 0.971375
vt 0.249399 0.976394
vt 0.249399 0.963602
vt 0.255630 0.964036
vt 0.255630 0.975960
vt 0.977406 0.511237
vt 0.977406 0.499313
vt 0.983637 0.499832
vt 0.983637 0.510717
vt 0.982273 0.928547
vt 0.982273 0.917663
vt 0.988504 0.918242
vt 0.988504 0.927968
vt 0.172313 0.982012
vt 0.172313 0.991739
vt 0.166083 0.991129
vt 0.166083 0.982622
vt 0.212624 0.907329
vt 0.212624 0.893342
vt 0.218855 0.893410
vt 0.218855 0.907261
vt 0.934264 0.876580
vt 0.934264 0.890431
vt 0.928033 0.890228
vt 0.928033 0.876783
vt 0.384147 0.943649
vt 0.384147 0.957094
vt 0.377917 0.956767
vt 0.377917 0.943975
vt 0.977685 0.127443
vt 0.977685 0.140235
vt 0.971454 0.139801
vt 0.971454 0.127877
vt 0.984592 0.016138
vt 0.984592 0.028062
vt 0.978361 0.027542
vt 0.978361 0.016658
vt 0.982716 0.298861
vt 0.982716 0.287976
vt 0.988947 0.288555
vt 0.988947 0.298281
vt 0.628364 0.991668
vt 0.628364 0.981941
vt 0.634594 0.982551
vt 0.634594 0.991058
vt 0.212624 0.924127
vt 0.212624 0.910139
vt 0.218855 0.910207
vt 0.218855 0.924058
vt 0.918435 0.214871
vt 0.918435 0.201021
vt 0.924666 0.201224
vt 0.924666 0.214669
vt 0.961458 0.580516
vt 0.961458 0.567071
vt 0.967689 0.567397
vt 0.967689 0.580189
vt 0.932751 0.639996
vt 0.932751 0.652788
vt 0.926520 0.652354
vt 0.926520 0.640429
vt 0.978361 0.072262
vt 0.978361 0.060338
vt 0.984592 0.060858
vt 0.984592 0.071743
vt 0.855712 0.987430
vt 0.855712 0.976545
vt 0.861942 0.977124
vt 0.861942 0.986851
vt 0.120882 0.991739
vt 0.120882 0.982012
vt 0.127113 0.982622
vt 0.127113 0.991129
vt 0.861942 0.910174
vt 0.861942 0.924162
vt 0.855712 0.924093
vt 0.855712 0.910243
vt 0.925223 0.876580
vt 0.925223 0.890431
vt 0.918993 0.890228
vt 0.918993 0.876783
vt 0.970424 0.958257
vt 0.970424 0.971702
vt 0.964193 0.971375
vt 0.964193 0.958583
vt 0.264670 0.963602
vt 0.264670 0.976394
vt 0.258439 0.975960
vt 0.258439 0.964036
vt 0.979464 0.971469
vt 0.979464 0.983393
vt 0.973233 0.982874
vt 0.973233 0.971989
vt 0.988947 0.219505
vt 0.988947 0.230390
vt 0.982716 0.229811
vt 0.982716 0.220084
vt 0.566123 0.981941
vt 0.566123 0.991668
vt 0.559892 0.991058
vt 0.559892 0.982551
vt 0.657865 0.876474
vt 0.657865 0.890461
vt 0.651634 0.890393
vt 0.651634 0.876542
vt 0.943304 0.893240
vt 0.943304 0.907090
vt 0.937073 0.906887
vt 0.937073 0.893443
vt 0.657865 0.960184
vt 0.657865 0.973629
vt 0.651634 0.973303
vt 0.651634 0.960511
vt 0.607474 0.966340
vt 0.607474 0.979132
vt 0.601243 0.978698
vt 0.601243 0.966774
vt 0.377917 0.988081
vt 0.377917 0.976157
vt 0.384147 0.976677
vt 0.384147 0.987562
vt 0.986446 0.493386
vt 0.986446 0.482501
vt 0.992677 0.483080
vt 0.992677 0.492806
vt 0.994019 0.714639
vt 0.994019 0.724366
vt 0.987788 0.723756
vt 0.987788 0.715249
vt 0.218855 0.876545
vt 0.218855 0.890532
vt 0.212624 0.890464
vt 0.212624 0.876613
vt 0.907143 0.926971
vt 0.907143 0.940822
vt 0.900912 0.940619
vt 0.900912 0.927174
vt 0.414456 0.960171
vt 0.414456 0.973616
vt 0.408225 0.973289
vt 0.408225 0.960497
vt 0.977685 0.160605
vt 0.977685 0.173396
vt 0.971454 0.172963
vt 0.971454 0.161038
vt 0.341756 0.988081
vt 0.341756 0.976157
vt 0.347987 0.976677
vt 0.347987 0.987562
vt 0.745894 0.979785
vt 0.745894 0.990670
vt 0.739663 0.990090
vt 0.739663 0.980364
vt 0.676560 0.984102
vt 0.676560 0.993828
vt 0.670329 0.993218
vt 0.670329 0.984711
vt 0.916183 0.910174
vt 0.916183 0.924162
vt 0.909952 0.924093
vt 0.909952 0.910243
vt 0.907143 0.943631
vt 0.907143 0.957481
vt 0.900912 0.957279
vt 0.900912 0.943834
vt 0.970424 0.942003
vt 0.970424 0.955447
vt 0.964193 0.955121
vt 0.964193 0.942329
vt 0.796037 0.966446
vt 0.796037 0.979238
vt 0.789807 0.978804
vt 0.789807 0.966880
vt 0.978748 0.741297
vt 0.978748 0.729373
vt 0.984979 0.729893
vt 0.984979 0.740777
vt 0.276520 0.990088
vt 0.276520 0.979203
vt 0.282750 0.979782
vt 0.282750 0.989509
vt 0.841481 0.991774
vt 0.841481 0.982048
vt 0.847712 0.982658
vt 0.847712 0.991164
vt 0.375509 0.876598
vt 0.375509 0.890586
vt 0.369278 0.890517
vt 0.369278 0.876667
vt 0.925223 0.926834
vt 0.925223 0.940684
vt 0.918993 0.940482
vt 0.918993 0.927037
vt 0.976729 0.615833
vt 0.976729 0.629278
vt 0.970499 0.628952
vt 0.970499 0.616160
vt 0.194301 0.966411
vt 0.194301 0.979203
vt 0.188070 0.978769
vt 0.188070 0.966845
vt 0.981716 0.212945
vt 0.981716 0.201021
vt 0.987947 0.201541
vt 0.987947 0.212425
vt 0.082766 0.990088
vt 0.082766 0.979203
vt 0.088997 0.979782
vt 0.088997 0.989509
vt 0.517473 0.984101
vt 0.517473 0.993828
vt 0.511242 0.993218
vt 0.511242 0.984711
vt 0.338947 0.876598
vt 0.338947 0.890586
vt 0.332716 0.890517
vt 0.332716 0.876667
vt 0.357027 0.926989
vt 0.357027 0.940839
vt 0.350796 0.940637
vt 0.350796 0.927192
vt 0.384147 0.959903
vt 0.384147 0.973348
vt 0.377917 0.973021
vt 0.377917 0.960229
vt 0.034756 0.963602
vt 0.034756 0.976394
vt 0.028525 0.975960
vt 0.028525 0.964036
vt 0.978748 0.800231
vt 0.978748 0.788306
vt 0.984979 0.788826
vt 0.984979 0.799711
vt 0.982716 0.422992
vt 0.982716 0.412107
vt 0.988947 0.412686
vt 0.988947 0.422413
vt 0.194301 0.982012
vt 0.194301 0.991739
vt 0.188070 0.991129
vt 0.188070 0.982622
vt 0.420028 0.893395
vt 0.420028 0.907383
vt 0.413797 0.907314
vt 0.413797 0.893464
vt 0.943304 0.909899
vt 0.943304 0.923750
vt 0.937073 0.923547
vt 0.937073 0.910102
vt 0.212624 0.973700
vt 0.212624 0.960255
vt 0.218855 0.960582
vt 0.218855 0.973374
vt 0.972676 0.213813
vt 0.972676 0.201021
vt 0.978907 0.201455
vt 0.978907 0.213379
vt 0.961384 0.974511
vt 0.961384 0.986435
vt 0.955153 0.985915
vt 0.955153 0.975031
vt 0.988947 0.371025
vt 0.988947 0.381909
vt 0.982716 0.381330
vt 0.982716 0.371604
vt 0.807887 0.991774
vt 0.807887 0.982048
vt 0.814118 0.982658
vt 0.814118 0.991164
vt 0.423514 0.907383
vt 0.423514 0.893395
vt 0.429744 0.893464
vt 0.429744 0.907314
vt 0.937073 0.940409
vt 0.937073 0.926559
vt 0.943304 0.926762
vt 0.943304 0.940207
vt 0.937073 0.973323
vt 0.937073 0.959878
vt 0.943304 0.960205
vt 0.943304 0.972997
vt 0.568932 0.979132
vt 0.568932 0.966340
vt 0.575163 0.966774
vt 0.575163 0.978698
vt 0.985769 0.583325
vt 0.985769 0.595249
vt 0.979539 0.594729
vt 0.979539 0.583844
vt 0.982274 0.942242
vt 0.982274 0.931357
vt 0.988504 0.931936
vt 0.988504 0.941662
vt 0.472272 0.984102
vt 0.472272 0.993828
vt 0.466042 0.993218
vt 0.466042 0.984711
vt 0.341756 0.890586
vt 0.341756 0.876598
vt 0.347987 0.876667
vt 0.347987 0.890517
vt 0.359836 0.940839
vt 0.359836 0.926989
vt 0.366067 0.927192
vt 0.366067 0.940637
vt 0.368877 0.973348
vt 0.368877 0.959903
vt 0.375107 0.960229
vt 0.375107 0.973021
vt 0.037565 0.976394
vt 0.037565 0.963602
vt 0.043796 0.964036
vt 0.043796 0.975960
vt 0.984979 0.803040
vt 0.984979 0.814964
vt 0.978748 0.814444
vt 0.978748 0.803559
vt 0.988947 0.425801
vt 0.988947 0.436686
vt 0.982716 0.436107
vt 0.982716 0.426380
vt 0.796037 0.982048
vt 0.796037 0.991774
vt 0.789807 0.991164
vt 0.789807 0.982658
vt 0.381105 0.890586
vt 0.381105 0.876598
vt 0.387335 0.876667
vt 0.387335 0.890517
vt 0.390145 0.940702
vt 0.390145 0.926852
vt 0.396376 0.927054
vt 0.396376 0.940499
vt 0.970498 0.645533
vt 0.970498 0.632088
vt 0.976729 0.632414
vt 0.976729 0.645206
vt 0.197110 0.979203
vt 0.197110 0.966411
vt 0.203341 0.966845
vt 0.203341 0.978769
vt 0.937073 0.988057
vt 0.937073 0.976133
vt 0.943304 0.976652
vt 0.943304 0.987537
vt 0.091806 0.990088
vt 0.091806 0.979203
vt 0.098037 0.979782
vt 0.098037 0.989509
vt 0.525838 0.993828
vt 0.525838 0.984101
vt 0.532068 0.984711
vt 0.532068 0.993218
vt 0.332716 0.924180
vt 0.332716 0.910192
vt 0.338947 0.910261
vt 0.338947 0.924111
vt 0.909952 0.957481
vt 0.909952 0.943631
vt 0.916183 0.943834
vt 0.916183 0.957279
vt 0.102187 0.970891
vt 0.102187 0.957446
vt 0.108418 0.957772
vt 0.108418 0.970564
vt 0.805320 0.979238
vt 0.805320 0.966447
vt 0.811551 0.966880
vt 0.811551 0.978805
vt 0.984979 0.744106
vt 0.984979 0.756030
vt 0.978748 0.755511
vt 0.978748 0.744626
vt 0.285560 0.990088
vt 0.285560 0.979203
vt 0.291791 0.979782
vt 0.291791 0.989509
vt 0.986446 0.519615
vt 0.986446 0.509889
vt 0.992677 0.510499
vt 0.992677 0.519006
vt 0.855712 0.890568
vt 0.855712 0.876580
vt 0.861942 0.876649
vt 0.861942 0.890499
vt 0.909952 0.940822
vt 0.909952 0.926971
vt 0.916183 0.927174
vt 0.916183 0.940619
vt 0.399185 0.973616
vt 0.399185 0.960171
vt 0.405416 0.960497
vt 0.405416 0.973289
vt 0.046605 0.976394
vt 0.046605 0.963602
vt 0.052836 0.964036
vt 0.052836 0.975960
vt 0.366067 0.976157
vt 0.366067 0.988081
vt 0.359836 0.987562
vt 0.359836 0.976677
vt 0.986446 0.451264
vt 0.986446 0.440379
vt 0.992677 0.440959
vt 0.992677 0.450685
vt 0.679369 0.993828
vt 0.679369 0.984102
vt 0.685600 0.984711
vt 0.685600 0.993218
vt 0.864752 0.890568
vt 0.864752 0.876580
vt 0.870982 0.876649
vt 0.870982 0.890499
vt 0.945556 0.214871
vt 0.945556 0.201021
vt 0.951787 0.201224
vt 0.951787 0.214669
vt 0.928033 0.973461
vt 0.928033 0.960016
vt 0.934264 0.960342
vt 0.934264 0.973134
vt 0.610283 0.979132
vt 0.610283 0.966340
vt 0.616514 0.966774
vt 0.616514 0.978698
vt 0.934263 0.976270
vt 0.934263 0.988194
vt 0.928033 0.987674
vt 0.928033 0.976790
vt 0.992677 0.496195
vt 0.992677 0.507080
vt 0.986446 0.506501
vt 0.986446 0.496774
vt 0.987788 0.739099
vt 0.987788 0.729373
vt 0.994019 0.729983
vt 0.994019 0.738489
vt 0.873792 0.907365
vt 0.873792 0.893377
vt 0.880023 0.893446
vt 0.880023 0.907296
vt 0.918993 0.907228
vt 0.918993 0.893377
vt 0.925223 0.893580
vt 0.925223 0.907025
vt 0.962414 0.141541
vt 0.962414 0.128096
vt 0.968644 0.128423
vt 0.968644 0.141214
vt 0.267480 0.976394
vt 0.267480 0.963602
vt 0.273710 0.964036
vt 0.273710 0.975960
vt 0.977406 0.452303
vt 0.977406 0.440379
vt 0.983637 0.440899
vt 0.983637 0.451784
vt 0.988947 0.315364
vt 0.988947 0.326249
vt 0.982716 0.325670
vt 0.982716 0.315943
vt 0.550852 0.991668
vt 0.550852 0.981941
vt 0.557083 0.982551
vt 0.557083 0.991058
vt 0.870982 0.910174
vt 0.870982 0.924162
vt 0.864752 0.924093
vt 0.864752 0.910243
vt 0.925223 0.910174
vt 0.925223 0.924025
vt 0.918993 0.923822
vt 0.918993 0.910377
vt 0.961458 0.596770
vt 0.961458 0.583325
vt 0.967689 0.583651
vt 0.967689 0.596443
vt 0.941791 0.639996
vt 0.941791 0.652788
vt 0.935560 0.652354
vt 0.935560 0.640430
vt 0.984592 0.075072
vt 0.984592 0.086996
vt 0.978361 0.086476
vt 0.978361 0.075591
vt 0.882832 0.987430
vt 0.882832 0.976545
vt 0.889063 0.977124
vt 0.889063 0.986851
vt 0.129922 0.991739
vt 0.129922 0.982012
vt 0.136153 0.982622
vt 0.136153 0.991129
vt 0.873234 0.159280
vt 0.873234 0.150773
vt 0.874894 0.142430
vt 0.878149 0.134571
vt 0.882875 0.127498
vt 0.888891 0.121483
vt 0.895964 0.116757
vt 0.903823 0.113501
vt 0.912166 0.111842
vt 0.920673 0.111842
vt 0.929016 0.113501
vt 0.936875 0.116757
vt 0.943948 0.121483
vt 0.949963 0.127498
vt 0.954689 0.134571
vt 0.957945 0.142430
vt 0.959604 0.150773
vt 0.959604 0.159280
vt 0.957945 0.167623
vt 0.954689 0.175482
vt 0.949963 0.182555
vt 0.943948 0.188571
vt 0.936875 0.193297
vt 0.929016 0.196552
vt 0.920673 0.198212
vt 0.912166 0.198212
vt 0.903823 0.196552
vt 0.895964 0.193297
vt 0.888891 0.188571
vt 0.882876 0.182556
vt 0.878149 0.175482
vt 0.874894 0.167623
vt 0.726531 0.873664
vt 0.726531 0.960721
vt 0.712543 0.960721
vt 0.712543 0.873664
vt 0.743328 0.873664
vt 0.743328 0.960721
vt 0.729340 0.960721
vt 0.729340 0.873664
vt 0.919717 0.637186
vt 0.911211 0.637186
vt 0.902867 0.635527
vt 0.895008 0.632271
vt 0.887935 0.627545
vt 0.881920 0.621530
vt 0.877194 0.614457
vt 0.873939 0.606598
vt 0.872279 0.598255
vt 0.872279 0.589748
vt 0.873939 0.581405
vt 0.877194 0.573546
vt 0.881920 0.566473
vt 0.887935 0.560457
vt 0.895008 0.555731
vt 0.902868 0.552476
vt 0.911211 0.550816
vt 0.919717 0.550816
vt 0.928061 0.552476
vt 0.935920 0.555731
vt 0.942993 0.560457
vt 0.949008 0.566473
vt 0.953734 0.573546
vt 0.956989 0.581405
vt 0.958649 0.589748
vt 0.958649 0.598255
vt 0.956989 0.606598
vt 0.953734 0.614457
vt 0.949008 0.621530
vt 0.942993 0.627545
vt 0.935920 0.632271
vt 0.928061 0.635527
vt 0.760125 0.873664
vt 0.760125 0.960721
vt 0.746137 0.960721
vt 0.746137 0.873664
vt 0.648825 0.876474
vt 0.648825 0.963531
vt 0.634837 0.963531
vt 0.634837 0.876474
vt 0.581637 0.876474
vt 0.581637 0.963531
vt 0.567649 0.963531
vt 0.567649 0.876474
vt 0.286658 0.873735
vt 0.286658 0.960792
vt 0.272670 0.960792
vt 0.272670 0.873735
vt 0.802511 0.876580
vt 0.802511 0.963637
vt 0.788523 0.963637
vt 0.788523 0.876580
vt 0.125830 0.876545
vt 0.125830 0.963602
vt 0.111842 0.963602
vt 0.111842 0.876545
vt 0.099378 0.873735
vt 0.099378 0.960792
vt 0.085390 0.960792
vt 0.085390 0.873735
vt 0.236267 0.873735
vt 0.236267 0.960792
vt 0.222279 0.960792
vt 0.222279 0.873735
vt 0.142627 0.876545
vt 0.142627 0.963602
vt 0.128639 0.963602
vt 0.128639 0.876545
vt 0.819308 0.876580
vt 0.819308 0.963637
vt 0.805320 0.963637
vt 0.805320 0.876580
vt 0.303455 0.873735
vt 0.303455 0.960792
vt 0.289467 0.960792
vt 0.289467 0.873735
vt 0.320252 0.873735
vt 0.320252 0.960792
vt 0.306264 0.960792
vt 0.306264 0.873735
vt 0.836105 0.876580
vt 0.836105 0.963637
vt 0.822117 0.963637
vt 0.822117 0.876580
vt 0.159424 0.876545
vt 0.159424 0.963602
vt 0.145436 0.963602
vt 0.145436 0.876545
vt 0.253064 0.873735
vt 0.253064 0.960792
vt 0.239076 0.960792
vt 0.239076 0.873735
vt 0.269861 0.873735
vt 0.269861 0.960792
vt 0.255873 0.960792
vt 0.255873 0.873735
vt 0.176221 0.876545
vt 0.176221 0.963602
vt 0.162233 0.963602
vt 0.162233 0.876545
vt 0.852902 0.876580
vt 0.852902 0.963637
vt 0.838914 0.963637
vt 0.838914 0.876580
vt 0.564840 0.876474
vt 0.564840 0.963531
vt 0.550852 0.963531
vt 0.550852 0.876474
vt 0.598434 0.876474
vt 0.598434 0.963531
vt 0.584446 0.963531
vt 0.584446 0.876474
vt 0.193018 0.876545
vt 0.193018 0.963602
vt 0.179030 0.963602
vt 0.179030 0.876545
vt 0.015392 0.873735
vt 0.015392 0.960792
vt 0.001405 0.960792
vt 0.001405 0.873735
vt 0.032189 0.873735
vt 0.032189 0.960792
vt 0.018202 0.960792
vt 0.018202 0.873735
vt 0.048986 0.873735
vt 0.048986 0.960792
vt 0.034999 0.960792
vt 0.034999 0.873735
vt 0.065784 0.873735
vt 0.065784 0.960792
vt 0.051796 0.960792
vt 0.051796 0.873735
vt 0.209815 0.876545
vt 0.209815 0.963602
vt 0.195827 0.963602
vt 0.195827 0.876545
vt 0.615231 0.876474
vt 0.615231 0.963531
vt 0.601243 0.963531
vt 0.601243 0.876474
vt 0.632028 0.876474
vt 0.632028 0.963531
vt 0.618040 0.963531
vt 0.618040 0.876474
vt 0.785714 0.876580
vt 0.785714 0.963637
vt 0.771726 0.963637
vt 0.771726 0.876580
vt 0.082581 0.873735
vt 0.082581 0.960792
vt 0.068593 0.960792
vt 0.068593 0.873735
s 1
f 282/1081/282 298/1082/298 304/1083/304 288/1084/288
f 288/1085/288 304/1086/304 303/1087/303 287/1088/287
f 287/1089/287 303/1090/303 302/1091/302 286/1092/286
f 286/1093/286 302/1094/302 301/1095/301 285/1096/285
f 285/1097/285 301/1098/301 300/1099/300 284/1100/284
f 284/1101/284 300/1102/300 299/1103/299 283/1104/283
f 283/1105/283 299/1106/299 297/1107/297 281/1108/281
f 306/1109/306 290/1110/290 296/1111/296 312/1112/312
f 312/1113/312 296/1114/296 295/1115/295 311/1116/311
f 311/1117/311 295/1118/295 294/1119/294 310/1120/310
f 310/1121/310 294/1122/294 293/1123/293 309/1124/309
f 309/1125/309 293/1126/293 292/1127/292 308/1128/308
f 308/1129/308 292/1130/292 291/1131/291 307/1132/307
f 307/1133/307 291/1134/291 289/1135/289 305/1136/305
f 298/1137/298 314/1138/314 320/1139/320 304/1140/304
f 304/1141/304 320/1142/320 319/1143/319 303/1144/303
f 303/1145/303 319/1146/319 318/1147/318 302/1148/302
f 302/1149/302 318/1150/318 317/1151/317 301/1152/301
f 301/1153/301 317/1154/317 316/1155/316 300/1156/300
f 300/1157/300 316/1158/316 315/1159/315 299/1160/299
f 299/1161/299 315/1162/315 313/1163/313 297/1164/297
f 322/1165/322 306/1166/306 312/1167/312 328/1168/328
f 328/1169/328 312/1170/312 311/1171/311 327/1172/327
f 327/1173/327 311/1174/311 310/1175/310 326/1176/326
f 326/1177/326 310/1178/310 309/1179/309 325/1180/325
f 325/1181/325 309/1182/309 308/1183/308 324/1184/324
f 324/1185/324 308/1186/308 307/1187/307 323/1188/323
f 323/1189/323 307/1190/307 305/1191/305 321/1192/321
f 314/1193/314 330/1194/330 336/1195/336 320/1196/320
f 320/1197/320 336/1198/336 335/1199/335 319/1200/319
f 319/1201/319 335/1202/335 334/1203/334 318/1204/318
f 318/1205/318 334/1206/334 333/1207/333 317/1208/317
f 317/1209/317 333/1210/333 332/1211/332 316/1212/316
f 316/1213/316 332/1214/332 331/1215/331 315/1216/315
f 315/1217/315 331/1218/331 329/1219/329 313/1220/313
f 338/1221/338 322/1222/322 328/1223/328 344/1224/344
f 344/1225/344 328/1226/328 327/1227/327 343/1228/343
f 343/1229/343 327/1230/327 326/1231/326 342/1232/342
f 342/1233/342 326/1234/326 325/1235/325 341/1236/341
f 341/1237/341 325/1238/325 324/1239/324 340/1240/340
f 340/1241/340 324/1242/324 323/1243/323 339/1244/339
f 339/1245/339 323/1246/323 321/1247/321 337/1248/337
f 330/1249/330 346/1250/346 352/1251/352 336/1252/336
f 336/1253/336 352/1254/352 351/1255/351 335/1256/335
f 335/1257/335 351/1258/351 350/1259/350 334/1260/334
f 334/1261/334 350/1262/350 349/1263/349 333/1264/333
f 333/1265/333 349/1266/349 348/1267/348 332/1268/332
f 332/1269/332 348/1270/348 347/1271/347 331/1272/331
f 331/1273/331 347/1274/347 345/1275/345 329/1276/329
f 354/1277/354 338/1278/338 344/1279/344 360/1280/360
f 360/1281/360 344/1282/344 343/1283/343 359/1284/359
f 359/1285/359 343/1286/343 342/1287/342 358/1288/358
f 358/1289/358 342/1290/342 341/1291/341 357/1292/357
f 357/1293/357 341/1294/341 340/1295/340 356/1296/356
f 356/1297/356 340/1298/340 339/1299/339 355/1300/355
f 355/1301/355 339/1302/339 337/1303/337 353/1304/353
f 346/1305/346 362/1306/362 368/1307/368 352/1308/352
f 352/1309/352 368/1310/368 367/1311/367 351/1312/351
f 351/1313/351 367/1314/367 366/1315/366 350/1316/350
f 350/1317/350 366/1318/366 365/1319/365 349/1320/349
f 349/1321/349 365/1322/365 364/1323/364 348/1324/348
f 348/1325/348 364/1326/364 363/1327/363 347/1328/347
f 347/1329/347 363/1330/363 361/1331/361 345/1332/345
f 370/1333/370 354/1334/354 360/1335/360 376/1336/376
f 376/1337/376 360/1338/360 359/1339/359 375/1340/375
f 375/1341/375 359/1342/359 358/1343/358 374/1344/374
f 374/1345/374 358/1346/358 357/1347/357 373/1348/373
f 373/1349/373 357/1350/357 356/1351/356 372/1352/372
f 372/1353/372 356/1354/356 355/1355/355 371/1356/371
f 371/1357/371 355/1358/355 353/1359/353 369/1360/369
f 362/1361/362 378/1362/378 384/1363/384 368/1364/368
f 368/1365/368 384/1366/384 383/1367/383 367/1368/367
f 367/1369/367 383/1370/383 382/1371/382 366/1372/366
f 366/1373/366 382/1374/382 381/1375/381 365/1376/365
f 365/1377/365 381/1378/381 380/1379/380 364/1380/364
f 364/1381/364 380/1382/380 379/1383/379 363/1384/363
f 363/1385/363 379/1386/379 377/1387/377 361/1388/361
f 386/1389/386 370/1390/370 376/1391/376 392/1392/392
f 392/1393/392 376/1394/376 375/1395/375 391/1396/391
f 391/1397/391 375/1398/375 374/1399/374 390/1400/390
f 390/1401/390 374/1402/374 373/1403/373 389/1404/389
f 389/1405/389 373/1406/373 372/1407/372 388/1408/388
f 388/1409/388 372/1410/372 371/1411/371 387/1412/387
f 387/1413/387 371/1414/371 369/1415/369 385/1416/385
f 378/1417/378 394/1418/394 400/1419/400 384/1420/384
f 384/1421/384 400/1422/400 399/1423/399 383/1424/383
f 383/1425/383 399/1426/399 398/1427/398 382/1428/382
f 382/1429/382 398/1430/398 397/1431/397 381/1432/381
f 381/1433/381 397/1434/397 396/1435/396 380/1436/380
f 380/1437/380 396/1438/396 395/1439/395 379/1440/379
f 379/1441/379 395/1442/395 393/1443/393 377/1444/377
f 402/1445/402 386/1446/386 392/1447/392 408/1448/408
f 408/1449/408 392/1450/392 391/1451/391 407/1452/407
f 407/1453/407 391/1454/391 390/1455/390 406/1456/406
f 406/1457/406 390/1458/390 389/1459/389 405/1460/405
f 405/1461/405 389/1462/389 388/1463/388 404/1464/404
f 404/1465/404 388/1466/388 387/1467/387 403/1468/403
f 403/1469/403 387/1470/387 385/1471/385 401/1472/401
f 394/1473/394 410/1474/410 416/1475/416 400/1476/400
f 400/1477/400 416/1478/416 415/1479/415 399/1480/399
f 399/1481/399 415/1482/415 414/1483/414 398/1484/398
f 398/1485/398 414/1486/414 413/1487/413 397/1488/397
f 397/1489/397 413/1490/413 412/1491/412 396/1492/396
f 396/1493/396 412/1494/412 411/1495/411 395/1496/395
f 395/1497/395 411/1498/411 409/1499/409 393/1500/393
f 418/1501/418 402/1502/402 408/1503/408 424/1504/424
f 424/1505/424 408/1506/408 407/1507/407 423/1508/423
f 423/1509/423 407/1510/407 406/1511/406 422/1512/422
f 422/1513/422 406/1514/406 405/1515/405 421/1516/421
f 421/1517/421 405/1518/405 404/1519/404 420/1520/420
f 420/1521/420 404/1522/404 403/1523/403 419/1524/419
f 419/1525/419 403/1526/403 401/1527/401 417/1528/417
f 410/1529/410 426/1530/426 432/1531/432 416/1532/416
f 416/1533/416 432/1534/432 431/1535/431 415/1536/415
f 415/1537/415 431/1538/431 430/1539/430 414/1540/414
f 414/1541/414 430/1542/430 429/1543/429 413/1544/413
f 413/1545/413 429/1546/429 428/1547/428 412/1548/412
f 412/1549/412 428/1550/428 427/1551/427 411/1552/411
f 411/1553/411 427/1554/427 425/1555/425 409/1556/409
f 434/1557/434 418/1558/418 424/1559/424 440/1560/440
f 440/1561/440 424/1562/424 423/1563/423 439/1564/439
f 439/1565/439 423/1566/423 422/1567/422 438/1568/438
f 438/1569/438 422/1570/422 421/1571/421 437/1572/437
f 437/1573/437 421/1574/421 420/1575/420 436/1576/436
f 436/1577/436 420/1578/420 419/1579/419 435/1580/435
f 435/1581/435 419/1582/419 417/1583/417 433/1584/433
f 426/1585/426 442/1586/442 448/1587/448 432/1588/432
f 432/1589/432 448/1590/448 447/1591/447 431/1592/431
f 431/1593/431 447/1594/447 446/1595/446 430/1596/430
f 430/1597/430 446/1598/446 445/1599/445 429/1600/429
f 429/1601/429 445/1602/445 444/1603/444 428/1604/428
f 428/1605/428 444/1606/444 443/1607/443 427/1608/427
f 427/1609/427 443/1610/443 441/1611/441 425/1612/425
f 450/1613/450 434/1614/434 440/1615/440 456/1616/456
f 456/1617/456 440/1618/440 439/1619/439 455/1620/455
f 455/1621/455 439/1622/439 438/1623/438 454/1624/454
f 454/1625/454 438/1626/438 437/1627/437 453/1628/453
f 453/1629/453 437/1630/437 436/1631/436 452/1632/452
f 452/1633/452 436/1634/436 435/1635/435 451/1636/451
f 451/1637/451 435/1638/435 433/1639/433 449/1640/449
f 442/1641/442 458/1642/458 464/1643/464 448/1644/448
f 448/1645/448 464/1646/464 463/1647/463 447/1648/447
f 447/1649/447 463/1650/463 462/1651/462 446/1652/446
f 446/1653/446 462/1654/462 461/1655/461 445/1656/445
f 445/1657/445 461/1658/461 460/1659/460 444/1660/444
f 444/1661/444 460/1662/460 459/1663/459 443/1664/443
f 443/1665/443 459/1666/459 457/1667/457 441/1668/441
f 466/1669/466 450/1670/450 456/1671/456 472/1672/472
f 472/1673/472 456/1674/456 455/1675/455 471/1676/471
f 471/1677/471 455/1678/455 454/1679/454 470/1680/470
f 470/1681/470 454/1682/454 453/1683/453 469/1684/469
f 469/1685/469 453/1686/453 452/1687/452 468/1688/468
f 468/1689/468 452/1690/452 451/1691/451 467/1692/467
f 467/1693/467 451/1694/451 449/1695/449 465/1696/465
f 458/1697/458 474/1698/474 480/1699/480 464/1700/464
f 464/1701/464 480/1702/480 479/1703/479 463/1704/463
f 463/1705/463 479/1706/479 478/1707/478 462/1708/462
f 462/1709/462 478/1710/478 477/1711/477 461/1712/461
f 461/1713/461 477/1714/477 476/1715/476 460/1716/460
f 460/1717/460 476/1718/476 475/1719/475 459/1720/459
f 459/1721/459 475/1722/475 473/1723/473 457/1724/457
f 482/1725/482 466/1726/466 472/1727/472 488/1728/488
f 488/1729/488 472/1730/472 471/1731/471 487/1732/487
f 487/1733/487 471/1734/471 470/1735/470 486/1736/486
f 486/1737/486 470/1738/470 469/1739/469 485/1740/485
f 485/1741/485 469/1742/469 468/1743/468 484/1744/484
f 484/1745/484 468/1746/468 467/1747/467 483/1748/483
f 483/1749/483 467/1750/467 465/1751/465 481/1752/481
f 474/1753/474 490/1754/490 496/1755/496 480/1756/480
f 480/1757/480 496/1758/496 495/1759/495 479/1760/479
f 479/1761/479 495/1762/495 494/1763/494 478/1764/478
f 478/1765/478 494/1766/494 493/1767/493 477/1768/477
f 477/1769/477 493/1770/493 492/1771/492 476/1772/476
f 476/1773/476 492/1774/492 491/1775/491 475/1776/475
f 475/1777/475 491/1778/491 489/1779/489 473/1780/473
f 498/1781/498 482/1782/482 488/1783/488 504/1784/504
f 504/1785/504 488/1786/488 487/1787/487 503/1788/503
f 503/1789/503 487/1790/487 486/1791/486 502/1792/502
f 502/1793/502 486/1794/486 485/1795/485 501/1796/501
f 501/1797/501 485/1798/485 484/1799/484 500/1800/500
f 500/1801/500 484/1802/484 483/1803/483 499/1804/499
f 499/1805/499 483/1806/483 481/1807/481 497/1808/497
f 490/1809/490 506/1810/506 512/1811/512 496/1812/496
f 496/1813/496 512/1814/512 511/1815/511 495/1816/495
f 495/1817/495 511/1818/511 510/1819/510 494/1820/494
f 494/1821/494 510/1822/510 509/1823/509 493/1824/493
f 493/1825/493 509/1826/509 508/1827/508 492/1828/492
f 492/1829/492 508/1830/508 507/1831/507 491/1832/491
f 491/1833/491 507/1834/507 505/1835/505 489/1836/489
f 514/1837/514 498/1838/498 504/1839/504 520/1840/520
f 520/1841/520 504/1842/504 503/1843/503 519/1844/519
f 519/1845/519 503/1846/503 502/1847/502 518/1848/518
f 518/1849/518 502/1850/502 501/1851/501 517/1852/517
f 517/1853/517 501/1854/501 500/1855/500 516/1856/516
f 516/1857/516 500/1858/500 499/1859/499 515/1860/515
f 515/1861/515 499/1862/499 497/1863/497 513/1864/513
f 506/1865/506 522/1866/522 528/1867/528 512/1868/512
f 512/1869/512 528/1870/528 527/1871/527 511/1872/511
f 511/1873/511 527/1874/527 526/1875/526 510/1876/510
f 510/1877/510 526/1878/526 525/1879/525 509/1880/509
f 509/1881/509 525/1882/525 524/1883/524 508/1884/508
f 508/1885/508 524/1886/524 523/1887/523 507/1888/507
f 507/1889/507 523/1890/523 521/1891/521 505/1892/505
f 530/1893/530 514/1894/514 520/1895/520 536/1896/536
f 536/1897/536 520/1898/520 519/1899/519 535/1900/535
f 535/1901/535 519/1902/519 518/1903/518 534/1904/534
f 534/1905/534 518/1906/518 517/1907/517 533/1908/533
f 533/1909/533 517/1910/517 516/1911/516 532/1912/532
f 532/1913/532 516/1914/516 515/1915/515 531/1916/531
f 531/1917/531 515/1918/515 513/1919/513 529/1920/529
f 522/1921/522 538/1922/538 544/1923/544 528/1924/528
f 528/1925/528 544/1926/544 543/1927/543 527/1928/527
f 527/1929/527 543/1930/543 542/1931/542 526/1932/526
f 526/1933/526 542/1934/542 541/1935/541 525/1936/525
f 525/1937/525 541/1938/541 540/1939/540 524/1940/524
f 524/1941/524 540/1942/540 539/1943/539 523/1944/523
f 523/1945/523 539/1946/539 537/1947/537 521/1948/521
f 546/1949/546 530/1950/530 536/1951/536 552/1952/552
f 552/1953/552 536/1954/536 535/1955/535 551/1956/551
f 551/1957/551 535/1958/535 534/1959/534 550/1960/550
f 550/1961/550 534/1962/534 533/1963/533 549/1964/549
f 549/1965/549 533/1966/533 532/1967/532 548/1968/548
f 548/1969/548 532/1970/532 531/1971/531 547/1972/547
f 547/1973/547 531/1974/531 529/1975/529 545/1976/545
f 538/1977/538 554/1978/554 560/1979/560 544/1980/544
f 544/1981/544 560/1982/560 559/1983/559 543/1984/543
f 543/1985/543 559/1986/559 558/1987/558 542/1988/542
f 542/1989/542 558/1990/558 557/1991/557 541/1992/541
f 541/1993/541 557/1994/557 556/1995/556 540/1996/540
f 540/1997/540 556/1998/556 555/1999/555 539/2000/539
f 539/2001/539 555/2002/555 553/2003/553 537/2004/537
f 562/2005/562 546/2006/546 552/2007/552 568/2008/568
f 568/2009/568 552/2010/552 551/2011/551 567/2012/567
f 567/2013/567 551/2014/551 550/2015/550 566/2016/566
f 566/2017/566 550/2018/550 549/2019/549 565/2020/565
f 565/2021/565 549/2022/549 548/2023/548 564/2024/564
f 564/2025/564 548/2026/548 547/2027/547 563/2028/563
f 563/2029/563 547/2030/547 545/2031/545 561/2032/561
f 554/2033/554 570/2034/570 576/2035/576 560/2036/560
f 560/2037/560 576/2038/576 575/2039/575 559/2040/559
f 559/2041/559 575/2042/575 574/2043/574 558/2044/558
f 558/2045/558 574/2046/574 573/2047/573 557/2048/557
f 557/2049/557 573/2050/573 572/2051/572 556/2052/556
f 556/2053/556 572/2054/572 571/2055/571 555/2056/555
f 555/2057/555 571/2058/571 569/2059/569 553/2060/553
f 578/2061/578 562/2062/562 568/2063/568 584/2064/584
f 584/2065/584 568/2066/568 567/2067/567 583/2068/583
f 583/2069/583 567/2070/567 566/2071/566 582/2072/582
f 582/2073/582 566/2074/566 565/2075/565 581/2076/581
f 581/2077/581 565/2078/565 564/2079/564 580/2080/580
f 580/2081/580 564/2082/564 563/2083/563 579/2084/579
f 579/2085/579 563/2086/563 561/2087/561 577/2088/577
f 570/2089/570 586/2090/586 592/2091/592 576/2092/576
f 576/2093/576 592/2094/592 591/2095/591 575/2096/575
f 575/2097/575 591/2098/591 590/2099/590 574/2100/574
f 574/2101/574 590/2102/590 589/2103/589 573/2104/573
f 573/2105/573 589/2106/589 588/2107/588 572/2108/572
f 572/2109/572 588/2110/588 587/2111/587 571/2112/571
f 571/2113/571 587/2114/587 585/2115/585 569/2116/569
f 594/2117/594 578/2118/578 584/2119/584 600/2120/600
f 600/2121/600 584/2122/584 583/2123/583 599/2124/599
f 599/2125/599 583/2126/583 582/2127/582 598/2128/598
f 598/2129/598 582/2130/582 581/2131/581 597/2132/597
f 597/2133/597 581/2134/581 580/2135/580 596/2136/596
f 596/2137/596 580/2138/580 579/2139/579 595/2140/595
f 595/2141/595 579/2142/579 577/2143/577 593/2144/593
f 586/2145/586 602/2146/602 608/2147/608 592/2148/592
f 592/2149/592 608/2150/608 607/2151/607 591/2152/591
f 591/2153/591 607/2154/607 606/2155/606 590/2156/590
f 590/2157/590 606/2158/606 605/2159/605 589/2160/589
f 589/2161/589 605/2162/605 604/2163/604 588/2164/588
f 588/2165/588 604/2166/604 603/2167/603 587/2168/587
f 587/2169/587 603/2170/603 601/2171/601 585/2172/585
f 610/2173/610 594/2174/594 600/2175/600 616/2176/616
f 616/2177/616 600/2178/600 599/2179/599 615/2180/615
f 615/2181/615 599/2182/599 598/2183/598 614/2184/614
f 614/2185/614 598/2186/598 597/2187/597 613/2188/613
f 613/2189/613 597/2190/597 596/2191/596 612/2192/612
f 612/2193/612 596/2194/596 595/2195/595 611/2196/611
f 611/2197/611 595/2198/595 593/2199/593 609/2200/609
f 602/2201/602 618/2202/618 624/2203/624 608/2204/608
f 608/2205/608 624/2206/624 623/2207/623 607/2208/607
f 607/2209/607 623/2210/623 622/2211/622 606/2212/606
f 606/2213/606 622/2214/622 621/2215/621 605/2216/605
f 605/2217/605 621/2218/621 620/2219/620 604/2220/604
f 604/2221/604 620/2222/620 619/2223/619 603/2224/603
f 603/2225/603 619/2226/619 617/2227/617 601/2228/601
f 626/2229/626 610/2230/610 616/2231/616 632/2232/632
f 632/2233/632 616/2234/616 615/2235/615 631/2236/631
f 631/2237/631 615/2238/615 614/2239/614 630/2240/630
f 630/2241/630 614/2242/614 613/2243/613 629/2244/629
f 629/2245/629 613/2246/613 612/2247/612 628/2248/628
f 628/2249/628 612/2250/612 611/2251/611 627/2252/627
f 627/2253/627 611/2254/611 609/2255/609 625/2256/625
f 618/2257/618 634/2258/634 640/2259/640 624/2260/624
f 624/2261/624 640/2262/640 639/2263/639 623/2264/623
f 623/2265/623 639/2266/639 638/2267/638 622/2268/622
f 622/2269/622 638/2270/638 637/2271/637 621/2272/621
f 621/2273/621 637/2274/637 636/2275/636 620/2276/620
f 620/2277/620 636/2278/636 635/2279/635 619/2280/619
f 619/2281/619 635/2282/635 633/2283/633 617/2284/617
f 642/2285/642 626/2286/626 632/2287/632 648/2288/648
f 648/2289/648 632/2290/632 631/2291/631 647/2292/647
f 647/2293/647 631/2294/631 630/2295/630 646/2296/646
f 646/2297/646 630/2298/630 629/2299/629 645/2300/645
f 645/2301/645 629/2302/629 628/2303/628 644/2304/644
f 644/2305/644 628/2306/628 627/2307/627 643/2308/643
f 643/2309/643 627/2310/627 625/2311/625 641/2312/641
f 634/2313/634 650/2314/650 656/2315/656 640/2316/640
f 640/2317/640 656/2318/656 655/2319/655 639/2320/639
f 639/2321/639 655/2322/655 654/2323/654 638/2324/638
f 638/2325/638 654/2326/654 653/2327/653 637/2328/637
f 637/2329/637 653/2330/653 652/2331/652 636/2332/636
f 636/2333/636 652/2334/652 651/2335/651 635/2336/635
f 635/2337/635 651/2338/651 649/2339/649 633/2340/633
f 658/2341/658 642/2342/642 648/2343/648 664/2344/664
f 664/2345/664 648/2346/648 647/2347/647 663/2348/663
f 663/2349/663 647/2350/647 646/2351/646 662/2352/662
f 662/2353/662 646/2354/646 645/2355/645 661/2356/661
f 661/2357/661 645/2358/645 644/2359/644 660/2360/660
f 660/2361/660 644/2362/644 643/2363/643 659/2364/659
f 659/2365/659 643/2366/643 641/2367/641 657/2368/657
f 650/2369/650 666/2370/666 672/2371/672 656/2372/656
f 656/2373/656 672/2374/672 671/2375/671 655/2376/655
f 655/2377/655 671/2378/671 670/2379/670 654/2380/654
f 654/2381/654 670/2382/670 669/2383/669 653/2384/653
f 653/2385/653 669/2386/669 668/2387/668 652/2388/652
f 652/2389/652 668/2390/668 667/2391/667 651/2392/651
f 651/2393/651 667/2394/667 665/2395/665 649/2396/649
f 674/2397/674 658/2398/658 664/2399/664 680/2400/680
f 680/2401/680 664/2402/664 663/2403/663 679/2404/679
f 679/2405/679 663/2406/663 662/2407/662 678/2408/678
f 678/2409/678 662/2410/662 661/2411/661 677/2412/677
f 677/2413/677 661/2414/661 660/2415/660 676/2416/676
f 676/2417/676 660/2418/660 659/2419/659 675/2420/675
f 675/2421/675 659/2422/659 657/2423/657 673/2424/673
f 666/2425/666 682/2426/682 688/2427/688 672/2428/672
f 672/2429/672 688/2430/688 687/2431/687 671/2432/671
f 671/2433/671 687/2434/687 686/2435/686 670/2436/670
f 670/2437/670 686/2438/686 685/2439/685 669/2440/669
f 669/2441/669 685/2442/685 684/2443/684 668/2444/668
f 668/2445/668 684/2446/684 683/2447/683 667/2448/667
f 667/2449/667 683/2450/683 681/2451/681 665/2452/665
f 690/2453/690 674/2454/674 680/2455/680 696/2456/696
f 696/2457/696 680/2458/680 679/2459/679 695/2460/695
f 695/2461/695 679/2462/679 678/2463/678 694/2464/694
f 694/2465/694 678/2466/678 677/2467/677 693/2468/693
f 693/2469/693 677/2470/677 676/2471/676 692/2472/692
f 692/2473/692 676/2474/676 675/2475/675 691/2476/691
f 691/2477/691 675/2478/675 673/2479/673 689/2480/689
f 682/2481/682 698/2482/698 704/2483/704 688/2484/688
f 688/2485/688 704/2486/704 703/2487/703 687/2488/687
f 687/2489/687 703/2490/703 702/2491/702 686/2492/686
f 686/2493/686 702/2494/702 701/2495/701 685/2496/685
f 685/2497/685 701/2498/701 700/2499/700 684/2500/684
f 684/2501/684 700/2502/700 699/2503/699 683/2504/683
f 683/2505/683 699/2506/699 697/2507/697 681/2508/681
f 706/2509/706 690/2510/690 696/2511/696 712/2512/712
f 712/2513/712 696/2514/696 695/2515/695 711/2516/711
f 711/2517/711 695/2518/695 694/2519/694 710/2520/710
f 710/2521/710 694/2522/694 693/2523/693 709/2524/709
f 709/2525/709 693/2526/693 692/2527/692 708/2528/708
f 708/2529/708 692/2530/692 691/2531/691 707/2532/707
f 707/2533/707 691/2534/691 689/2535/689 705/2536/705
f 698/2537/698 714/2538/714 720/2539/720 704/2540/704
f 704/2541/704 720/2542/720 719/2543/719 703/2544/703
f 703/2545/703 719/2546/719 718/2547/718 702/2548/702
f 702/2549/702 718/2550/718 717/2551/717 701/2552/701
f 701/2553/701 717/2554/717 716/2555/716 700/2556/700
f 700/2557/700 716/2558/716 715/2559/715 699/2560/699
f 699/2561/699 715/2562/715 713/2563/713 697/2564/697
f 722/2565/722 706/2566/706 712/2567/712 728/2568/728
f 728/2569/728 712/2570/712 711/2571/711 727/2572/727
f 727/2573/727 711/2574/711 710/2575/710 726/2576/726
f 726/2577/726 710/2578/710 709/2579/709 725/2580/725
f 725/2581/725 709/2582/709 708/2583/708 724/2584/724
f 724/2585/724 708/2586/708 707/2587/707 723/2588/723
f 723/2589/723 707/2590/707 705/2591/705 721/2592/721
f 714/2593/714 730/2594/730 736/2595/736 720/2596/720
f 720/2597/720 736/2598/736 735/2599/735 719/2600/719
f 719/2601/719 735/2602/735 734/2603/734 718/2604/718
f 718/2605/718 734/2606/734 733/2607/733 717/2608/717
f 717/2609/717 733/2610/733 732/2611/732 716/2612/716
f 716/2613/716 732/2614/732 731/2615/731 715/2616/715
f 715/2617/715 731/2618/731 729/2619/729 713/2620/713
f 738/2621/738 722/2622/722 728/2623/728 744/2624/744
f 744/2625/744 728/2626/728 727/2627/727 743/2628/743
f 743/2629/743 727/2630/727 726/2631/726 742/2632/742
f 742/2633/742 726/2634/726 725/2635/725 741/2636/741
f 741/2637/741 725/2638/725 724/2639/724 740/2640/740
f 740/2641/740 724/2642/724 723/2643/723 739/2644/739
f 739/2645/739 723/2646/723 721/2647/721 737/2648/737
f 730/2649/730 746/2650/746 752/2651/752 736/2652/736
f 736/2653/736 752/2654/752 751/2655/751 735/2656/735
f 735/2657/735 751/2658/751 750/2659/750 734/2660/734
f 734/2661/734 750/2662/750 749/2663/749 733/2664/733
f 733/2665/733 749/2666/749 748/2667/748 732/2668/732
f 732/2669/732 748/2670/748 747/2671/747 731/2672/731
f 731/2673/731 747/2674/747 745/2675/745 729/2676/729
f 754/2677/754 738/2678/738 744/2679/744 760/2680/760
f 760/2681/760 744/2682/744 743/2683/743 759/2684/759
f 759/2685/759 743/2686/743 742/2687/742 758/2688/758
f 758/2689/758 742/2690/742 741/2691/741 757/2692/757
f 757/2693/757 741/2694/741 740/2695/740 756/2696/756
f 756/2697/756 740/2698/740 739/2699/739 755/2700/755
f 755/2701/755 739/2702/739 737/2703/737 753/2704/753
f 746/2705/746 762/2706/762 768/2707/768 752/2708/752
f 752/2709/752 768/2710/768 767/2711/767 751/2712/751
f 751/2713/751 767/2714/767 766/2715/766 750/2716/750
f 750/2717/750 766/2718/766 765/2719/765 749/2720/749
f 749/2721/749 765/2722/765 764/2723/764 748/2724/748
f 748/2725/748 764/2726/764 763/2727/763 747/2728/747
f 747/2729/747 763/2730/763 761/2731/761 745/2732/745
f 770/2733/770 754/2734/754 760/2735/760 776/2736/776
f 776/2737/776 760/2738/760 759/2739/759 775/2740/775
f 775/2741/775 759/2742/759 758/2743/758 774/2744/774
f 774/2745/774 758/2746/758 757/2747/757 773/2748/773
f 773/2749/773 757/2750/757 756/2751/756 772/2752/772
f 772/2753/772 756/2754/756 755/2755/755 771/2756/771
f 771/2757/771 755/2758/755 753/2759/753 769/2760/769
f 762/2761/762 778/2762/778 784/2763/784 768/2764/768
f 768/2765/768 784/2766/784 783/2767/783 767/2768/767
f 767/2769/767 783/2770/783 782/2771/782 766/2772/766
f 766/2773/766 782/2774/782 781/2775/781 765/2776/765
f 765/2777/765 781/2778/781 780/2779/780 764/2780/764
f 764/2781/764 780/2782/780 779/2783/779 763/2784/763
f 763/2785/763 779/2786/779 777/2787/777 761/2788/761
f 786/2789/786 770/2790/770 776/2791/776 792/2792/792
f 792/2793/792 776/2794/776 775/2795/775 791/2796/791
f 791/2797/791 775/2798/775 774/2799/774 790/2800/790
f 790/2801/790 774/2802/774 773/2803/773 789/2804/789
f 789/2805/789 773/2806/773 772/2807/772 788/2808/788
f 788/2809/788 772/2810/772 771/2811/771 787/2812/787
f 787/2813/787 771/2814/771 769/2815/769 785/2816/785
f 778/2817/778 282/2818/282 288/2819/288 784/2820/784
f 784/2821/784 288/2822/288 287/2823/287 783/2824/783
f 783/2825/783 287/2826/287 286/2827/286 782/2828/782
f 782/2829/782 286/2830/286 285/2831/285 781/2832/781
f 781/2833/781 285/2834/285 284/2835/284 780/2836/780
f 780/2837/780 284/2838/284 283/2839/283 779/2840/779
f 779/2841/779 283/2842/283 281/2843/281 777/2844/777
f 290/2845/290 786/2846/786 792/2847/792 296/2848/296
f 296/2849/296 792/2850/792 791/2851/791 295/2852/295
f 295/2853/295 791/2854/791 790/2855/790 294/2856/294
f 294/2857/294 790/2858/790 789/2859/789 293/2860/293
f 293/2861/293 789/2862/789 788/2863/788 292/2864/292
f 292/2865/292 788/2866/788 787/2867/787 291/2868/291
f 291/2869/291 787/2870/787 785/2871/785 289/2872/289
f 281/2873/281 297/2874/297 313/2875/313 329/2876/329 345/2877/345 361/2878/361 377/2879/377 393/2880/393 409/2881/409 425/2882/425 441/2883/441 457/2884/457 473/2885/473 489/2886/489 505/2887/505 521/2888/521 537/2889/537 553/2890/553 569/2891/569 585/2892/585 601/2893/601 617/2894/617 633/2895/633 649/2896/649 665/2897/665 681/2898/681 697/2899/697 713/2900/713 729/2901/729 745/2902/745 761/2903/761 777/2904/777
f 282/2905/282 290/2906/290 306/2907/306 298/2908/298
f 778/2909/778 786/2910/786 290/2911/290 282/2912/282
f 305/2913/305 289/2914/289 785/2915/785 769/2916/769 753/2917/753 737/2918/737 721/2919/721 705/2920/705 689/2921/689 673/2922/673 657/2923/657 641/2924/641 625/2925/625 609/2926/609 593/2927/593 577/2928/577 561/2929/561 545/2930/545 529/2931/529 513/2932/513 497/2933/497 481/2934/481 465/2935/465 449/2936/449 433/2937/433 417/2938/417 401/2939/401 385/2940/385 369/2941/369 353/2942/353 337/2943/337 321/2944/321
f 298/2945/298 306/2946/306 322/2947/322 314/2948/314
f 314/2949/314 322/2950/322 338/2951/338 330/2952/330
f 330/2953/330 338/2954/338 354/2955/354 346/2956/346
f 346/2957/346 354/2958/354 370/2959/370 362/2960/362
f 362/2961/362 370/2962/370 386/2963/386 378/2964/378
f 378/2965/378 386/2966/386 402/2967/402 394/2968/394
f 394/2969/394 402/2970/402 418/2971/418 410/2972/410
f 410/2973/410 418/2974/418 434/2975/434 426/2976/426
f 426/2977/426 434/2978/434 450/2979/450 442/2980/442
f 442/2981/442 450/2982/450 466/2983/466 458/2984/458
f 458/2985/458 466/2986/466 482/2987/482 474/2988/474
f 474/2989/474 482/2990/482 498/2991/498 490/2992/490
f 490/2993/490 498/2994/498 514/2995/514 506/2996/506
f 506/2997/506 514/2998/514 530/2999/530 522/3000/522
f 522/3001/522 530/3002/530 546/3003/546 538/3004/538
f 538/3005/538 546/3006/546 562/3007/562 554/3008/554
f 554/3009/554 562/3010/562 578/3011/578 570/3012/570
f 570/3013/570 578/3014/578 594/3015/594 586/3016/586
f 586/3017/586 594/3018/594 610/3019/610 602/3020/602
f 602/3021/602 610/3022/610 626/3023/626 618/3024/618
f 618/3025/618 626/3026/626 642/3027/642 634/3028/634
f 634/3029/634 642/3030/642 658/3031/658 650/3032/650
f 650/3033/650 658/3034/658 674/3035/674 666/3036/666
f 666/3037/666 674/3038/674 690/3039/690 682/3040/682
f 682/3041/682 690/3042/690 706/3043/706 698/3044/698
f 698/3045/698 706/3046/706 722/3047/722 714/3048/714
f 714/3049/714 722/3050/722 738/3051/738 730/3052/730
f 730/3053/730 738/3054/738 754/3055/754 746/3056/746
f 746/3057/746 754/3058/754 770/3059/770 762/3060/762
f 762/3061/762 770/3062/770 786/3063/786 778/3064/778
